Lure Word,Related Word,Similarity,Num Characters,Num Syllables,Frequency
sleep,slept,0.622322917,5,1,4.18
sleep,nap,0.618222535,3,1,3.82
sleep,wakings,0.596597135,7,2,1.28
sleep,doze,0.582604706,4,1,2.64
sleep,snore,0.581038117,5,1,2.76
sleep,snooze,0.578818798,6,1,2.98
sleep,bed,0.577686489,3,1,5.07
sleep,awake,0.568663597,5,2,4.14
sleep,snoring,0.566265285,7,2,3.26
sleep,insomnia,0.522207081,8,3,3.43
sleep,zzz,0.517896116,3,1,2.21
sleep,snoozing,0.502674282,8,2,2.39
sleep,wakeful,0.491712391,7,3,1.94
sleep,dreamless,0.490749985,9,2,1.98
sleep,restful,0.490630776,7,2,2.75
sleep,dozing,0.482632428,6,2,2.59
sleep,narcoleptic,0.480617344,12,4,1.12
sleep,cuddle,0.473304003,6,2,3.4
sleep,drowsy,0.472259402,6,2,2.82
sleep,melatonin,0.46198374,9,4,2.96
sleep,sweats,0.461132735,6,1,3.1
sleep,circadian,0.461048037,9,3,2.97
sleep,eat,0.451666176,3,1,5.13
sleep,kip,0.451064378,3,1,3.04
sleep,drowsiness,0.450375825,10,3,2.67
sleep,arousals,0.449862212,8,3,1.45
sleep,meditate,0.446651757,8,3,3.26
sleep,hypersomnia,0.446556121,11,4,1.67
sleep,colicky,0.44607541,7,3,1.93
sleep,apnea,0.44363445,5,2,3
sleep,vegetate,0.441034704,8,3,1.58
sleep,nrem,0.440370262,4,1,1.64
sleep,polysomnographic,0.439564645,16,6,1.02
sleep,feedings,0.438654721,8,2,2.49
sleep,perspire,0.438580632,8,2,2
sleep,urinate,0.436643541,7,3,2.81
sleep,slumbers,0.43351227,8,2,2.13
sleep,relax,0.430528522,5,2,4.29
sleep,hallucinate,0.430291712,11,4,2.36
sleep,cataplexy,0.425787985,9,4,1.75
sleep,tiredness,0.425207287,9,3,2.92
sleep,shiftwork,0.425053358,9,2,1.35
sleep,drowse,0.423503488,6,1,1.34
sleep,stomachache,0.423039526,11,3,2.09
sleep,barbiturates,0.421615034,12,5,2.36
sleep,vomiting,0.417701125,8,3,3.63
sleep,alertness,0.417391151,9,3,2.75
sleep,bunk,0.417036831,4,1,3.45
sleep,vegging,0.41422981,7,2,1.39
sleep,erections,0.414020211,9,3,2.71
sleep,couch,0.413822323,5,1,4.17
sleep,asleep,0.413657725,6,2,1.24
sleep,bathe,0.412187845,5,1,3.22
sleep,hibernate,0.410496503,9,3,2.7
sleep,actigraphy,0.410300583,10,4,1.13
sleep,enuresis,0.410215765,8,4,1.67
sleep,wakes,0.407826662,5,2,3.68
sleep,overtired,0.407274187,9,4,2.03
sleep,breathing,0.406384438,9,2,4.28
sleep,premies,0.405649185,7,2,1.12
sleep,snuggle,0.404644907,7,2,3.04
sleep,bathroom,0.402544141,8,2,4.54
sleep,parasomnias,0.402229846,11,4,1.41
sleep,sedated,0.400589556,7,3,2.78
sleep,overeating,0.399743497,10,4,2.69
sleep,groggy,0.39799425,6,2,2.61
sleep,ambulate,0.396870971,8,3,1.4
sleep,nookie,0.396382809,6,1,2.03
sleep,catastrophize,0.395856351,13,4,1.09
sleep,chervin,0.394859999,7,2,1.04
sleep,zopiclone,0.393732697,9,3,1.57
sleep,cot,0.393335998,3,1,3.21
sleep,irritability,0.391991407,12,6,2.76
sleep,caffeinate,0.391730934,10,3,1.05
sleep,backache,0.390521735,8,2,2.22
sleep,hypnotics,0.390358984,9,3,1.79
sleep,destress,0.390108407,8,2,1.77
sleep,advil,0.389315218,5,2,2.59
sleep,ovulate,0.388086826,7,3,2.16
sleep,unconsciousness,0.387883246,15,4,2.69
sleep,biorhythms,0.387458831,10,2,1.43
sleep,narcolepsy,0.387451142,10,4,2.5
sleep,bathtime,0.386769712,8,2,1.8
sleep,nocturnal,0.386499733,9,3,3.24
sleep,whiling,0.386448562,7,2,1.67
sleep,wakened,0.385287195,7,3,1.9
sleep,irritable,0.385060936,9,4,3.09
sleep,blankie,0.384975642,7,2,1.29
sleep,wakeup,0.384745121,6,2,2.56
sleep,lovemaking,0.384654045,10,4,2.57
sleep,vomited,0.383543611,8,3,1.15
sleep,schoolwork,0.382769197,10,2,2.75
sleep,mealtimes,0.382654369,9,3,2.24
sleep,woken,0.381389439,5,2,3.37
sleep,playtime,0.381359637,8,2,3
sleep,solitude,0.38116172,8,3,3.42
sleep,masturbate,0.380944759,10,3,3.18
sleep,jammies,0.380797178,7,2,2.29
sleep,nighttime,0.380773515,9,2,3.27
sleep,tranquilizers,0.379830658,13,4,2.35
sleep,zolpidem,0.379742175,8,3,2.1
sleep,polysomnography,0.3791897,15,6,1.57
sleep,cuddling,0.378720999,8,2,3.11
sleep,hypos,0.378705531,5,2,1.54
sleep,chronobiology,0.377896518,13,5,1.44
sleep,shower,0.377591729,6,2,4.5
sleep,snacking,0.377434343,8,2,2.84
sleep,lunesta,0.37692067,7,3,1.69
sleep,menstruate,0.37660864,10,2,1.87
sleep,apneic,0.376501977,6,2,1.42
sleep,laze,0.376378655,4,1,2.16
sleep,bulimic,0.376348346,8,3,1.31
sleep,hallucinations,0.376233548,14,5,3.28
sleep,nausea,0.376170278,7,2,1.39
sleep,recliner,0.375141293,8,3,2.57
sleep,migraines,0.374284267,9,3,3.08
sleep,distractibility,0.373996675,15,6,1.45
sleep,postcoital,0.373297274,10,3,1.37
sleep,bladdered,0.371636182,9,3,1.28
sleep,anhedonia,0.370948166,9,4,1.93
sleep,orexin,0.370848238,6,3,1.71
sleep,tryptophan,0.370577186,10,3,2.59
sleep,awaking,0.369995505,7,3,2.03
sleep,zonked,0.369863331,6,2,1.78
sleep,hyperphagia,0.369467407,11,4,1.17
sleep,siesta,0.369407415,6,2,2.6
sleep,serotonin,0.368666917,9,4,3.26
sleep,nocturia,0.368378878,8,3,1.38
sleep,metabolism,0.367862582,10,4,3.78
sleep,caffeine,0.367736161,8,2,3.67
sleep,wakening,0.367613047,8,3,1.67
sleep,homework,0.367069542,8,2,4.13
sleep,comas,0.366990477,5,2,2.35
sleep,pillow,0.366484255,6,2,3.96
sleep,boxspring,0.366399229,9,2,1.04
sleep,fatigued,0.365781963,8,3,2.98
sleep,intercourse,0.36572817,11,3,3.6
sleep,meditating,0.365438581,10,4,3.03
sleep,loll,0.364442796,4,1,2.25
sleep,nightmares,0.364077151,10,3,3.73
sleep,daydreaming,0.363128901,11,3,2.87
sleep,rhythmicity,0.362956017,11,4,1.44
sleep,retching,0.362402588,8,2,2.2
sleep,carskadon,0.362195492,9,3,1.04
sleep,breastfeed,0.361786485,10,2,2.82
sleep,sedentary,0.361203045,9,4,3.14
sleep,pajamas,0.360125721,7,3,3.31
sleep,sedation,0.360003024,8,3,2.95
sleep,bruxism,0.359747678,7,2,1.85
sleep,seasickness,0.35787636,11,3,2.12
sleep,slobbing,0.357833147,8,2,1.21
sleep,daylight,0.357744008,8,2,3.84
sleep,palpitations,0.357579291,12,4,2.69
sleep,nights,0.357414424,6,1,4.47
sleep,stupor,0.357027292,6,2,2.72
sleep,cravings,0.356640279,8,2,3.27
sleep,poochy,0.355932862,6,2,1.54
sleep,drugged,0.355649412,7,2,3.24
sleep,sweating,0.355472058,8,2,3.66
sleep,socializing,0.355383575,11,4,2.97
sleep,adderall,0.355224043,7,3,1.4
sleep,slumberland,0.354986489,11,3,1.47
sleep,ambulation,0.354794502,10,4,1.67
sleep,deconditioning,0.354743004,14,5,1.33
sleep,cooped,0.35458684,6,2,2.47
sleep,malinger,0.354377002,8,3,1.18
sleep,sofa,0.35428986,4,2,3.81
sleep,extubated,0.353966296,9,4,1.26
sleep,goodnight,0.353896827,9,2,3.64
sleep,orgasm,0.353784323,6,2,3.67
sleep,tummy,0.353727847,5,2,3.43
sleep,hyperthyroid,0.35372442,12,4,1.48
sleep,waker,0.352981865,5,2,2.2
sleep,binging,0.352532744,7,2,2.41
sleep,hallucinating,0.352328539,13,5,2.72
sleep,suhoor,0.352326393,6,2,1.15
sleep,pee,0.352013677,3,1,3.96
sleep,mope,0.351879418,4,1,2.25
sleep,tuckered,0.351793081,8,3,1.85
sleep,defecate,0.351752937,8,3,2.4
sleep,lazing,0.351465672,6,2,2.17
sleep,aches,0.351284832,5,2,3.28
sleep,hypopnea,0.351253539,8,3,1.35
sleep,breathe,0.350971937,7,1,4.26
sleep,toileting,0.350731701,9,3,1.84
sleep,fidget,0.350708395,6,2,2.59
sleep,respirations,0.350439548,12,4,1.75
sleep,vomited,0.350005984,7,3,2.88
sleep,housework,0.349755824,9,3,3.08
sleep,sulk,0.349588364,4,1,2.55
sleep,oding,0.349573433,5,2,1.31
sleep,benedryl,0.349200368,8,3,1.35
sleep,duvet,0.349007636,5,2,2.99
sleep,benadryl,0.348720372,8,3,2.57
sleep,drank,0.348428011,5,1,3.95
sleep,libido,0.348391205,6,3,3.06
sleep,reclined,0.348211467,8,3,2.32
sleep,premenstrual,0.348021865,12,3,2.07
sleep,cooped,0.34775728,6,2,1.55
sleep,valerian,0.347755313,8,3,2.58
sleep,detox,0.347381294,5,2,3.29
sleep,thorazine,0.347048014,9,3,1.82
sleep,tinnitus,0.346931666,8,3,2.83
sleep,roust,0.346884608,5,1,1.59
sleep,socialize,0.34684369,9,3,3.16
sleep,ventolin,0.346703529,8,3,1.79
sleep,boredom,0.346664935,7,3,3.46
sleep,skimping,0.346486539,8,2,2.01
sleep,mornings,0.346374154,8,2,3.66
sleep,exercisers,0.346284628,10,4,1.8
sleep,vaginismus,0.346237898,10,4,1.75
sleep,hibernating,0.346205771,11,4,2.57
sleep,overindulge,0.345867157,11,4,1.81
sleep,hyperventilate,0.345823795,14,5,2.04
sleep,achy,0.345655531,5,2,1.57
sleep,lorazepam,0.345594972,9,4,2.25
sleep,halcion,0.34534353,7,2,1.2
sleep,thermoregulatory,0.344670981,16,7,1.38
sleep,armodafinil,0.344663709,11,5,1.24
needle,syringe,0.610164165,7,2,3.27
needle,curette,0.516122758,7,2,1.44
needle,lancet,0.510006487,6,2,3.07
needle,cannula,0.468831778,7,3,2.45
needle,awl,0.459470153,3,1,2.41
needle,hypodermic,0.459388345,10,4,2.48
needle,catheter,0.456206292,8,3,3.24
needle,pipette,0.44712168,7,2,2.28
needle,trocar,0.43998903,6,2,1.9
needle,scalpel,0.439799935,8,2,1.97
needle,speculum,0.433940142,8,3,2.47
needle,swab,0.433232665,4,1,2.83
needle,buccal,0.422702581,6,2,2.3
needle,hatpin,0.41857639,6,2,1.4
needle,injector,0.41670534,8,3,2.86
needle,pessary,0.411862791,7,3,1.57
needle,handpiece,0.410667717,9,2,1.77
needle,bodkin,0.410618752,6,2,2.1
needle,pricked,0.410516888,7,2,2.54
needle,laparoscope,0.409458607,11,4,1.41
needle,venipuncture,0.408398092,12,4,1.4
needle,tweezers,0.405867428,8,2,2.77
needle,laryngoscope,0.405183017,12,4,1.72
needle,razorblade,0.400984228,10,3,1.62
needle,forceps,0.400328934,7,2,2.63
needle,screwdriver,0.398728043,11,3,3.13
needle,earlobe,0.397432834,7,2,2.27
needle,novocaine,0.396414042,9,3,1.9
needle,aspirator,0.395861328,9,4,1.68
needle,cauterizing,0.395820975,11,4,1.66
needle,mouthparts,0.394821644,10,2,1.93
needle,retractors,0.394050032,10,3,1.72
needle,vagina,0.394034892,6,3,3.82
needle,anus,0.393865496,4,2,3.25
needle,aspirate,0.393400997,8,3,2.1
needle,shiv,0.391848445,4,1,3.09
needle,tube,0.390855908,4,1,4.36
needle,spile,0.389802933,5,1,1.22
needle,obturator,0.388710886,9,4,1.9
needle,pricking,0.387631148,8,2,2.23
needle,bobbin,0.387406439,6,2,2.52
needle,cautery,0.384414881,7,3,1.64
needle,vial,0.383508891,4,1,3.1
needle,luer,0.383220971,4,1,1.81
needle,stiletto,0.382690758,8,3,2.73
needle,burrs,0.38142854,5,1,2.22
needle,unlubricated,0.38085568,12,5,1.13
needle,fishhook,0.378930658,8,2,1.87
needle,rectum,0.378899097,6,2,2.96
needle,plunger,0.378362715,7,2,2.92
needle,cauterizes,0.377909899,10,4,1.04
needle,reamer,0.37732619,6,2,1.91
needle,bead,0.375723898,4,1,3.44
needle,microinjection,0.375561088,14,4,1.55
needle,knife,0.374911815,5,1,4.41
needle,nostril,0.374789119,7,2,2.77
needle,unsterilized,0.374786288,12,5,1.36
needle,dilator,0.374725968,7,3,1.96
needle,pinprick,0.374582887,8,2,1.99
needle,moxa,0.374185771,4,2,1.47
needle,bronchoscope,0.373974383,12,3,1.31
needle,toothpick,0.373716623,9,2,2.81
needle,umbilicus,0.373619318,9,4,2.28
needle,clit,0.370990753,4,1,3.1
needle,suture,0.370844394,6,2,3.02
needle,navel,0.370771796,5,2,2.95
needle,rectal,0.370512217,8,3,1.67
needle,knotless,0.369502246,8,2,1.11
needle,frenulum,0.368343323,8,3,1.84
needle,anesthetic,0.367521346,10,4,3.06
needle,glucometer,0.367108911,10,4,1.34
needle,clave,0.366439015,5,1,2.25
needle,percutaneously,0.365962744,14,5,1.35
needle,chopstick,0.365922332,9,2,2.22
needle,subdermal,0.364691377,9,3,1.67
needle,spoon,0.364344656,5,1,3.88
needle,cuvettes,0.364228249,8,3,1.16
needle,tailstock,0.363322765,9,2,1.24
needle,untwisting,0.363241047,10,3,1.15
needle,scleral,0.363042146,7,2,1.83
needle,bullet,0.362603307,6,2,4.24
needle,xylocaine,0.362337708,9,3,1.4
needle,fletching,0.362102479,9,2,1.66
needle,condom,0.362059087,6,2,3.6
needle,intravenous,0.361513376,11,4,3.13
needle,unthreaded,0.361073494,10,3,1.21
needle,suppository,0.360421717,11,5,2.27
needle,abdomen,0.359538406,7,3,3.56
needle,nipple,0.358744562,6,2,3.45
needle,armpit,0.358437359,6,2,3
needle,stethoscope,0.358301729,11,3,2.66
needle,incision,0.35696733,8,3,3.16
needle,forehead,0.3568964,8,2,3.87
needle,threader,0.35643369,8,2,1.51
needle,bedpan,0.355798751,6,2,1.82
needle,bicuspid,0.355631948,8,3,1.84
needle,calliper,0.355496377,8,3,1.28
needle,suprarenal,0.355217874,10,4,1.22
needle,penis,0.354977161,5,2,4.05
needle,tweezing,0.354191065,8,2,1.6
needle,applicator,0.354132026,10,4,2.59
needle,eardrops,0.35351342,8,2,1.03
needle,collimator,0.353016585,10,4,1.74
needle,bolus,0.352256984,5,2,2.6
needle,barb,0.352019817,4,1,3.31
needle,electrodes,0.351595819,10,4,3.29
needle,threading,0.351364046,9,2,2.91
needle,droplet,0.350868523,7,2,2.74
needle,arrow,0.350656152,5,2,4.13
needle,otoscope,0.350604504,8,3,1.36
needle,intraosseous,0.35050872,12,3,1.38
needle,toothbrush,0.350450993,10,2,3.38
needle,bayonet,0.350212395,7,2,3.15
needle,mercurochrome,0.349940598,13,4,1.31
needle,ovipositor,0.349379152,10,5,1.89
needle,stainer,0.348742723,7,2,1.94
needle,laminaria,0.347749799,9,4,1.66
needle,anesthesia,0.347373366,10,4,3.39
needle,guidewire,0.346674085,9,3,1.76
needle,treadle,0.3462722,7,2,1.89
needle,fluoroscopic,0.344950885,12,4,1.59
needle,forefinger,0.344913125,10,4,2.38
needle,rod,0.344879389,3,1,4.14
needle,diaphragm,0.343886822,9,2,3.09
needle,cystoscope,0.343829602,10,3,1.2
needle,occluder,0.343230754,8,3,1.21
needle,bandaids,0.343056977,8,2,1.87
needle,microelectrode,0.342773438,14,4,1.72
needle,saliva,0.34241876,6,3,3.35
needle,stylet,0.342137724,6,2,1.63
needle,countersink,0.341931403,11,3,1.55
needle,gauze,0.341700286,5,1,2.89
needle,doorknob,0.341294914,8,2,2.65
needle,cavity,0.341086298,6,3,3.61
needle,buttocks,0.340783268,8,2,3.15
needle,bowstring,0.34069097,9,2,1.97
needle,fluoroscopy,0.340608269,11,4,1.95
needle,filament,0.340278685,8,3,3.09
needle,transcutaneous,0.340152293,14,4,1.8
needle,gastrostomy,0.339877516,11,4,1.57
needle,atraumatic,0.33870703,10,4,1.35
needle,intradermally,0.33864513,13,5,1.01
needle,scissor,0.338481516,7,2,2.91
needle,intubating,0.338154346,10,4,1.28
needle,auricular,0.337675035,9,4,1.98
needle,eyeball,0.337519526,7,2,3.1
needle,tweezed,0.337340713,7,2,1.28
needle,tongue,0.336815178,6,1,4.37
needle,blades,0.336718082,6,2,3.87
needle,lances,0.336340427,6,2,2.58
needle,gel,0.336171538,3,1,3.84
needle,teats,0.336100876,5,1,2.27
needle,dowel,0.336047322,5,2,2.38
needle,reciprocating,0.335773826,13,5,2.71
needle,betadine,0.335553467,8,3,1.56
needle,jab,0.335530996,3,1,3.35
needle,chamfering,0.335237592,10,3,1.13
needle,prepuce,0.334694147,7,2,1.72
needle,incising,0.334519297,8,3,1.49
needle,benzocaine,0.334476113,10,3,1.71
needle,evista,0.334277153,6,3,1.42
needle,scrotum,0.334173083,7,2,2.85
needle,orifice,0.333792478,7,3,2.77
needle,pliers,0.33370167,6,1,2.9
needle,tarsus,0.33361569,6,2,2.63
needle,pitocin,0.333198577,7,3,1.65
needle,specula,0.332989544,7,3,1.43
needle,sprocket,0.332637817,8,2,2.59
needle,ophthalmoscope,0.33263126,14,4,1.51
needle,narcan,0.332620949,6,2,2.09
needle,lopper,0.332571715,6,2,1.2
needle,intraoperatively,0.332312614,16,7,1.33
needle,spatula,0.332265764,7,3,2.86
needle,caliper,0.332182199,7,3,2.65
needle,anesthetizing,0.331852406,13,5,1.31
needle,clothespin,0.331344813,10,3,1.83
needle,spacers,0.331164271,7,2,2.53
needle,nosepiece,0.3310287,9,3,1.17
needle,tragus,0.330834746,6,2,1.98
needle,suctions,0.330639571,8,2,1.32
needle,intubate,0.330074161,8,3,1.71
needle,nozzle,0.329922646,6,2,3.24
needle,collet,0.329295248,6,2,2.32
needle,lidocaine,0.329278976,9,3,2.54
needle,sublingually,0.329268247,12,4,1.29
needle,plethysmograph,0.329001188,14,4,1.1
needle,nasogastric,0.328799337,11,4,1.72
needle,midface,0.328659087,7,2,1.37
needle,derm,0.328644335,4,1,2.25
needle,gouts,0.328282654,5,1,1.29
needle,quills,0.328146189,6,1,2.49
needle,piercing,0.32785669,8,2,3.57
needle,antrum,0.3276847,6,2,1.58
needle,curettage,0.327552527,9,3,1.78
needle,foreskin,0.327458322,8,3,2.72
needle,chest,0.327266455,5,1,4.52
needle,elastics,0.327186167,8,3,1.94
needle,lever,0.32704863,5,2,3.64
needle,interdental,0.327007353,11,4,1.84
needle,freckle,0.326836228,7,2,2.36
needle,reattach,0.326477647,8,2,2.32
needle,blowpipe,0.325955629,8,2,1.99
needle,bleb,0.32546252,4,1,1.43
needle,transvaginal,0.32493192,12,4,2.02
needle,sellotape,0.324877918,9,3,1.85
needle,implant,0.324861914,7,2,3.48
needle,uvula,0.324545264,5,3,1.98
needle,stitch,0.324266315,6,1,3.64
needle,nasal,0.324210852,5,2,3.49
needle,waistband,0.3238886,9,2,2.74
needle,fentanyl,0.323885351,8,3,2.86
needle,suturing,0.323660672,8,3,2.23
needle,perforator,0.323614538,10,4,1.55
needle,fingernail,0.323496968,10,3,2.73
needle,gunstock,0.323276103,8,2,1.38
needle,accupuncture,0.322648495,12,4,1.04
needle,pencil,0.322267234,6,2,3.95
needle,molluscum,0.322085649,9,3,1.52
needle,intrathecal,0.321374953,11,4,1.86
needle,dildo,0.321002275,5,2,3.4
needle,pellet,0.320998549,6,2,3.1
needle,bimanual,0.320971161,8,3,1.36
needle,labret,0.320723146,6,2,1.53
needle,potholder,0.320704341,9,3,1.38
needle,gripper,0.320692331,7,2,2.22
needle,hemostat,0.320075929,8,3,1.45
needle,radially,0.319836944,8,3,2.49
needle,radula,0.319807589,6,3,1.75
needle,superglue,0.319797516,9,2,2.18
needle,hickeys,0.319790065,7,2,1.84
needle,nebuliser,0.319652498,9,4,1.22
needle,pinecone,0.319539547,8,3,2.07
needle,ampoule,0.319415033,7,2,2.04
needle,lollypop,0.319336802,8,3,1.77
needle,suppositorie,0.319314331,13,5,2.21
needle,diathermy,0.319213599,9,3,1.48
needle,debride,0.318990886,7,2,1.15
needle,patient,0.318821162,7,2,4.77
needle,plasmapheresis,0.318728924,14,5,1.79
needle,sock,0.318022996,4,1,3.61
needle,penlight,0.31785658,8,2,1.63
needle,dishpan,0.317844093,7,2,1.47
needle,thermometers,0.317840308,12,4,2.54
needle,methadone,0.317798525,9,3,2.98
needle,keyhole,0.317696989,7,2,2.83
needle,transrectal,0.31759584,11,3,1.16
needle,ferrule,0.317577869,7,2,1.97
needle,nasolabial,0.317406327,10,4,1.53
needle,lollipop,0.317343384,8,3,3.15
needle,verrucas,0.317289054,8,3,1.16
needle,commissure,0.317204475,10,3,1.58
needle,chlorhexidine,0.317163795,13,4,1.94
needle,surgical,0.317038864,8,3,4.05
needle,nematocysts,0.317032993,11,4,1.49
needle,trach,0.316931963,5,1,1.9
needle,glans,0.316780955,5,1,2.42
needle,razors,0.31673798,6,2,2.85
needle,lavage,0.316731066,6,2,2.16
needle,bloodstream,0.316455692,11,2,3.16
needle,burs,0.316407889,4,1,1.72
needle,mucosa,0.316370279,6,3,2.67
needle,plectrum,0.316358954,8,2,1.87
needle,creaser,0.316253752,7,2,1.26
needle,insufflation,0.316161692,12,4,1.62
needle,thumbtack,0.316155493,9,2,1.88
needle,chin,0.316082329,4,1,4
needle,unsterile,0.315965861,9,3,1.19
needle,lamisil,0.315953851,7,3,1.3
needle,ureter,0.31587714,6,3,2.01
needle,sphygmomanometer,0.315843761,16,6,1.44
needle,breastbone,0.315833837,10,2,1.93
needle,infuser,0.31569761,7,3,2.02
needle,dremel,0.315623492,6,2,2.11
needle,ivs,0.315606773,3,1,2.52
needle,dural,0.315588862,5,2,2.14
needle,nares,0.315537632,5,2,2.12
needle,brachial,0.315533251,8,2,2.31
needle,paracentesis,0.315497041,12,5,1.3
needle,induration,0.315306187,10,4,1.31
needle,pitchfork,0.315231591,9,2,3.01
needle,chainring,0.315005332,9,2,1.78
needle,palpation,0.314936817,9,3,2.05
needle,armhole,0.314741611,7,2,1.54
needle,cerclage,0.31473884,8,2,1.43
needle,pacifier,0.314575702,8,3,2.64
needle,bandage,0.314518422,7,2,3.24
needle,medially,0.314205557,8,3,2.11
needle,endo,0.314089686,4,2,2.9
needle,acupoints,0.31366697,9,3,1.29
needle,drip,0.313558817,4,1,3.58
needle,gallbladders,0.31317088,12,3,1.26
needle,posteriorly,0.313155025,11,4,2.47
needle,minora,0.313068986,6,3,1.98
needle,hipbone,0.312977612,7,2,1.41
needle,serrations,0.312864989,10,3,2.04
needle,abrade,0.312709451,6,2,1.69
needle,pricks,0.312666804,6,1,3.03
needle,parison,0.312598795,7,3,1.62
needle,phial,0.312172115,5,1,1.93
needle,oar,0.311862975,3,1,2.89
needle,suprapubic,0.311718166,10,4,1.53
needle,snip,0.311710894,4,1,2.84
needle,bellybuttons,0.311608434,12,4,1.33
needle,exacto,0.311562628,6,3,1.67
needle,subcutaneously,0.311560214,14,5,2.06
needle,painless,0.31155166,8,2,3.16
needle,curare,0.311496377,6,2,1.94
needle,cartridge,0.311314136,9,2,3.57
needle,binkie,0.311269224,6,1,1.48
needle,granuloma,0.311032385,9,4,2.01
needle,femoral,0.311006695,7,3,2.89
needle,lacerate,0.310930282,8,3,1.71
needle,acetonide,0.310839623,9,4,1.52
sweet,yummy,0.59638238,5,2,3.54
sweet,buttery,0.5939942,7,3,2.91
sweet,delicious,0.586637557,9,3,4.34
sweet,fruity,0.580405474,6,2,3.26
sweet,tasty,0.56734854,5,2,3.84
sweet,lovely,0.56544739,6,2,4.74
sweet,chocolaty,0.564639628,9,4,1.87
sweet,grapey,0.559221208,6,2,1.23
sweet,tangy,0.557735264,5,2,2.64
sweet,luscious,0.555792093,8,2,2.99
sweet,chocolatey,0.554066837,10,4,2.26
sweet,delectable,0.55091089,10,4,2.7
sweet,tart,0.548821867,4,1,3.37
sweet,chocolately,0.54783833,11,5,1.19
sweet,creamy,0.54674542,6,2,3.43
sweet,lemony,0.541837811,6,3,2.47
sweet,savory,0.540970683,6,3,3
sweet,scrumptious,0.538147569,11,2,2.65
sweet,spicy,0.536080658,5,2,3.8
sweet,roasty,0.534108937,6,2,1.47
sweet,gooey,0.529954493,5,1,2.86
sweet,fudgey,0.527634382,6,2,1.17
sweet,crunchy,0.527186632,7,2,3.22
sweet,winey,0.527070701,5,2,1.47
sweet,delightful,0.525158286,10,3,3.77
sweet,wheaty,0.518133879,6,2,1.2
sweet,cute,0.517477155,4,1,4.65
sweet,peppery,0.51695329,7,3,2.36
sweet,sugary,0.511196077,6,3,3.13
sweet,winy,0.509414613,4,2,1.3
sweet,zesty,0.508830547,5,2,2.41
sweet,coconutty,0.508526683,9,4,1.17
sweet,mushroomy,0.506958067,9,3,1.06
sweet,caramel,0.504955053,7,3,3.48
sweet,mellow,0.503456473,6,2,3.32
sweet,winsome,0.502355099,7,2,2.39
sweet,custardy,0.499698818,8,3,1.35
sweet,jammy,0.498414665,5,2,2.38
sweet,spicey,0.496394098,6,2,1.85
sweet,sappy,0.495693386,5,2,2.68
sweet,goooood,0.495686382,7,1,1.92
sweet,snickerdoodle,0.495457888,13,4,1.7
sweet,salty,0.494904876,5,2,3.74
sweet,fragrant,0.494385213,8,2,3.21
sweet,dreamy,0.49411279,6,2,3.23
sweet,delish,0.494108886,6,2,2.49
sweet,melony,0.493720651,6,3,1.33
sweet,oniony,0.493651211,6,3,1.39
sweet,fudgy,0.492300838,5,2,1.73
sweet,juicy,0.49191457,5,2,3.7
sweet,citrusy,0.4918437,7,3,2.01
sweet,nice,0.491096973,4,1,5.37
sweet,oaty,0.489200652,4,2,1.3
sweet,charming,0.489064574,8,2,4.07
sweet,gingery,0.488919467,7,3,1.66
sweet,bready,0.488342941,6,2,1.76
sweet,slurpy,0.486358643,6,2,1.42
sweet,chewy,0.485704988,5,2,2.94
sweet,clafoutis,0.484928221,9,3,1.23
sweet,syrupy,0.484694302,6,3,2.37
sweet,mustardy,0.480467528,8,3,1.17
sweet,vanilla,0.479744434,7,3,3.84
sweet,flavourful,0.477894723,10,3,1.96
sweet,bubbly,0.476812214,6,2,3.2
sweet,fondants,0.476591378,8,2,1.11
sweet,peachy,0.474705786,6,2,2.87
sweet,biscuity,0.47440508,8,3,1.29
sweet,gorgeous,0.473863333,8,2,4.35
sweet,succulent,0.473828405,9,3,3
sweet,velvety,0.473772854,7,3,2.69
sweet,pleasant,0.473716676,8,2,4.22
sweet,mouthfeel,0.473083556,9,2,2.2
sweet,dainty,0.472340107,6,2,3.07
sweet,appley,0.471470237,6,2,1.64
sweet,sherried,0.470561951,8,2,1.01
sweet,butterscotch,0.469822913,12,3,2.59
sweet,flavorful,0.469329655,9,3,2.67
sweet,choccy,0.469011664,6,2,1.51
sweet,honeyed,0.468570054,7,2,2.26
sweet,bitey,0.46827209,5,2,1.92
sweet,mmm,0.468232304,3,1,3.55
sweet,streusel,0.46806404,8,2,1.53
sweet,girly,0.468040735,5,2,3.23
sweet,amaretti,0.467982471,8,4,1.3
sweet,raspberry,0.467115134,9,3,3.5
sweet,cloying,0.465744466,7,1,2.29
sweet,beautiful,0.465063572,9,3,5.22
sweet,cheery,0.464048058,6,2,3.01
sweet,flavoursome,0.463797092,11,3,1.95
sweet,ambrosial,0.463788539,9,3,1.61
sweet,orangy,0.463450998,6,3,1.17
sweet,breathy,0.462596685,7,2,2.34
sweet,dulcet,0.46220234,6,2,2.09
sweet,hoppy,0.460946679,5,2,2.66
sweet,lovable,0.460941523,7,3,3.23
sweet,homely,0.460153639,6,3,2.9
sweet,pungent,0.459191859,7,2,2.91
sweet,vacherin,0.458476037,8,3,1.02
sweet,crispy,0.457915962,6,2,3.37
sweet,stewy,0.457153261,5,2,1.26
sweet,saccharine,0.456808329,10,3,2.48
sweet,melty,0.455771476,5,2,2.22
sweet,tomatoey,0.455591291,8,3,1.07
sweet,garlicky,0.455450982,8,3,2.05
sweet,meltingly,0.454789102,9,3,1.56
sweet,tatin,0.454675257,5,2,1.82
sweet,nutella,0.454407722,7,3,2.84
sweet,lamby,0.453727156,5,2,1.45
sweet,brandied,0.453583866,8,2,1.33
sweet,boysenberry,0.45321089,11,4,1.73
sweet,aromatic,0.452597767,8,4,3.32
sweet,oaky,0.452533156,4,2,2.05
sweet,marshmallowy,0.452526957,12,4,1.07
sweet,corny,0.451968461,5,2,3.23
sweet,minty,0.451963603,5,2,2.69
sweet,candied,0.451862961,7,2,2.62
sweet,sassy,0.451666981,5,2,3.21
sweet,soulful,0.451524496,7,2,3.13
sweet,vinegary,0.451466382,8,4,1.75
sweet,mushy,0.451457053,5,2,2.94
sweet,banoffee,0.45123598,8,2,1.62
sweet,nougat,0.450702727,6,2,2.57
sweet,toothsome,0.450167954,9,2,1.71
sweet,tisane,0.44890058,6,2,1.51
sweet,yeasty,0.448812455,6,2,1.94
sweet,coffeecake,0.448473334,10,3,1.02
sweet,tannic,0.447937191,6,2,2.17
sweet,eggy,0.447633386,4,2,2.15
sweet,vinegared,0.447262377,9,4,1.13
sweet,muscats,0.446145386,7,2,1.08
sweet,kissable,0.445801288,8,3,1.92
sweet,sinfully,0.445482433,8,3,1.9
sweet,refreshing,0.445191979,10,3,3.83
sweet,flaky,0.444767892,5,2,2.87
sweet,butta,0.444709212,5,2,1.64
sweet,sultry,0.444060087,6,2,2.99
sweet,flavored,0.443638593,8,3,3.44
sweet,confiture,0.44191131,9,3,1.05
sweet,earthy,0.441689014,6,2,3.02
sweet,crispies,0.441463053,8,2,1.66
sweet,snacky,0.439645052,6,2,1.6
sweet,funny,0.439185292,5,2,5.02
sweet,spritzer,0.438866079,8,2,1.86
sweet,tangier,0.438548952,7,2,2.62
sweet,cheesy,0.438527793,6,2,3.58
sweet,gentle,0.438019097,6,2,4.17
sweet,beany,0.437793821,5,2,1.76
sweet,homey,0.437656969,5,2,2.75
sweet,toffee,0.437092245,6,1,2.89
sweet,kumquats,0.436815143,8,2,1.67
sweet,crunchies,0.436709881,9,2,1.68
sweet,cheesecake,0.436304033,10,3,3.22
sweet,delicous,0.435838819,8,3,1.49
sweet,figgy,0.435492575,5,2,1.83
sweet,squidgy,0.435481936,7,2,1.79
sweet,xoxoxo,0.434858441,6,3,1.61
sweet,choclate,0.434757859,8,2,1.23
sweet,pruney,0.434495687,6,2,1.01
sweet,apricot,0.43448469,7,3,2.98
sweet,gooood,0.434322953,6,1,2
sweet,playful,0.434297472,7,2,3.53
sweet,cheesey,0.434097767,7,2,1.67
sweet,tooty,0.434063584,5,2,1.55
sweet,bundt,0.433674634,5,1,2.15
sweet,butchy,0.433531225,6,2,1.24
sweet,yummier,0.433149606,7,2,1.39
sweet,canela,0.432748646,6,3,1.92
chair,member,0.499240428,6,2,5.18
chair,director,0.486997068,8,3,5.15
chair,convener,0.478328884,8,3,2.59
chair,head,0.478001505,4,1,5.51
chair,sofa,0.445725918,4,2,3.81
chair,executive,0.441500783,9,4,4.87
chair,gavel,0.43422401,5,2,2.66
chair,president,0.43365413,9,3,5.45
chair,couch,0.423839509,5,1,4.17
chair,seat,0.4203462,4,1,4.82
chair,recliner,0.417400062,8,3,2.57
chair,stool,0.410658807,5,1,3.52
chair,convenor,0.410417408,8,3,2.39
chair,coordinator,0.409012169,11,5,3.91
chair,dais,0.404098809,4,1,2.62
chair,speaker,0.396811068,7,2,4.49
chair,dean,0.392501324,4,1,4.4
chair,divan,0.391236335,5,2,2.53
chair,vice,0.388857305,4,1,4.71
chair,treasurer,0.385995269,9,3,3.93
chair,settee,0.385160059,6,1,2.44
chair,prexy,0.377114773,5,2,1.14
chair,emeritus,0.376508147,8,4,3.25
chair,chief,0.369903892,5,1,5.11
chair,footrest,0.369848967,8,2,1.79
chair,honcho,0.368473232,6,2,2.41
chair,staffer,0.362727284,7,2,3.1
chair,cofounder,0.362402499,9,3,2.6
chair,banquette,0.355313778,9,2,1.8
chair,appointee,0.35133931,9,2,2.88
chair,panelist,0.351285815,8,3,2.66
chair,credenza,0.350661516,8,3,1.91
chair,bencher,0.35059461,7,2,2.03
chair,organizer,0.347413689,9,4,3.57
chair,bed,0.344493926,3,1,5.07
chair,deputy,0.343745321,6,3,4.55
chair,commodore,0.340565652,9,3,3.37
chair,moderator,0.339660555,9,4,3.41
chair,professor,0.339347005,9,3,4.9
chair,secretary,0.336347282,9,4,4.95
chair,banister,0.336201638,8,3,2.52
chair,reappointed,0.335088044,11,3,2.53
chair,rusa,0.333712339,4,2,1.62
chair,cathedra,0.333646566,8,3,1.96
chair,lounger,0.333537072,7,2,2.17
chair,ceo,0.333022684,3,1,4.46
chair,memeber,0.331001639,7,3,1.6
chair,bookshelf,0.330396503,9,2,2.92
chair,consultant,0.329677761,10,3,4.13
chair,trustee,0.328974187,7,1,3.68
chair,lectern,0.328894556,7,2,2.44
chair,bookcase,0.328683764,8,2,2.78
chair,patron,0.327809542,6,2,3.73
chair,liaison,0.327034116,7,2,3.58
chair,futon,0.325986147,5,2,2.56
chair,ottoman,0.324948549,7,3,3.62
chair,umbrella,0.32433489,8,3,3.89
chair,hammock,0.324278593,7,2,3.14
chair,committee,0.323515356,9,3,5.01
chair,pew,0.323109418,3,1,3.41
chair,dresser,0.322297752,7,2,3.36
chair,mattress,0.320707023,8,2,3.67
chair,excutive,0.319893301,8,3,1.11
chair,bentwood,0.3195979,8,2,1.6
chair,hunkers,0.319388717,7,2,1.55
chair,reins,0.317854881,5,1,3.31
chair,ibclc,0.317658395,5,1,1.11
chair,nightie,0.317656726,7,1,2.09
chair,cosponsored,0.31618607,11,4,2.12
chair,desk,0.314956784,4,1,4.43
chair,eln,0.314762473,3,1,2.05
chair,cot,0.314295411,3,1,3.21
chair,waksberg,0.313826621,8,2,1.13
chair,motionlessly,0.313482076,12,4,1.03
chair,founding,0.313466609,8,2,3.99
chair,chrs,0.31341359,4,1,1.17
chair,convulsively,0.313403636,12,5,1.64
chair,representative,0.31313327,14,5,4.57
chair,diplomate,0.312864125,9,3,1.96
chair,adviser,0.312755644,7,3,3.94
chair,kerckhoff,0.312657177,9,2,1.05
chair,facilitator,0.312325835,11,5,2.9
chair,officer,0.311770946,7,3,5.03
chair,lecturer,0.311430037,8,3,3.72
chair,otorhinolaryngology,0.311287731,19,9,1.6
chair,colleague,0.310531557,9,2,3.98
chair,vp,0.310409993,2,1,3.72
chair,ccas,0.309833705,4,1,1.65
chair,robe,0.308113992,4,1,3.52
chair,doorframe,0.307775885,9,2,2.03
chair,bioregional,0.30773896,11,4,1.4
chair,gurney,0.307656318,6,2,3.11
chair,pillow,0.306751132,6,2,3.96
chair,administrator,0.305229157,13,5,4.07
chair,nightstand,0.30502215,10,2,2.72
chair,chamber,0.30499652,7,2,4.47
chair,beanbag,0.304766864,7,2,2.36
chair,doorway,0.304548889,7,2,3.51
chair,liasion,0.30433321,7,2,1.07
chair,toastmaster,0.304296315,11,3,1.99
chair,table,0.3038553,5,2,5.05
chair,leader,0.303691119,6,2,4.95
chair,regent,0.303250939,6,2,3.45
chair,oar,0.302514076,3,1,2.89
chair,keynoter,0.301729053,8,3,1.18
chair,gunwale,0.301614374,7,2,1.65
chair,easel,0.301356673,5,2,2.68
chair,emerita,0.301094532,7,4,1.94
chair,perch,0.301060081,5,1,3.29
chair,kneeler,0.300814748,7,2,1.37
chair,concertmaster,0.300795048,13,4,2.04
chair,barstools,0.29923135,9,2,1.62
chair,neuroethics,0.298945159,11,3,1.36
chair,delegate,0.298807025,8,3,3.7
chair,sits,0.298749954,4,1,4.18
chair,emcee,0.298078895,5,1,2.73
chair,caus,0.297913879,4,1,2.12
chair,unstrapped,0.297051042,10,3,1.2
chair,cei,0.29663983,3,1,2.34
chair,advisor,0.296556175,7,3,4.01
chair,commode,0.296159476,7,2,2.3
chair,develoment,0.29579851,10,4,1.13
chair,washbasin,0.295574814,9,3,1.87
chair,pouffe,0.295355141,6,1,1.18
chair,hallway,0.2953282,7,2,3.72
chair,mannequin,0.295253575,9,3,3.06
chair,motioning,0.294999212,9,3,2.09
chair,bannister,0.294921905,9,3,2.91
chair,playpen,0.294033587,7,2,2.35
chair,reappointing,0.293838441,12,3,1.23
chair,helm,0.293792546,4,1,3.65
chair,topper,0.293308824,6,2,3.11
chair,moderated,0.293016732,9,4,3.14
chair,bassinet,0.292946726,8,3,2.27
chair,lolling,0.292550564,7,2,2.13
chair,holster,0.292450875,7,2,3.07
chair,tushie,0.292376965,6,1,1.06
chair,supporter,0.291634798,9,3,4.07
chair,panellist,0.291627258,9,3,2.19
chair,faap,0.29137361,4,1,1.27
rough,rocky,0.606691658,5,2,4.16
rough,bumpy,0.601280451,5,2,3.18
rough,tough,0.586441576,5,1,4.77
rough,dicey,0.503175855,5,2,2.67
rough,harsh,0.492693752,5,1,4.14
rough,tricky,0.489483476,6,2,3.96
rough,treacherous,0.460750669,11,3,3.32
rough,shaky,0.448764175,5,2,3.45
rough,brutal,0.440182298,6,2,4.1
rough,stormy,0.435293436,6,2,3.46
rough,difficult,0.435135335,9,3,5.07
rough,rutty,0.432953775,5,2,1.5
rough,bad,0.426753342,3,1,5.53
rough,nasty,0.425729096,5,2,4.22
rough,hard,0.424476206,4,1,5.53
rough,slippery,0.421188444,8,3,3.61
rough,rockiest,0.42081818,8,2,1.08
rough,turbulent,0.412241548,9,3,3.47
rough,choppy,0.412117362,6,2,2.91
rough,soft,0.406864345,4,1,4.68
rough,bumps,0.406057864,5,1,3.6
rough,muddy,0.404006898,5,2,3.6
rough,uneven,0.40145421,6,3,3.55
rough,good,0.400717229,4,1,6.12
rough,iffy,0.399843544,4,2,2.78
rough,sloppy,0.399722636,6,2,3.59
rough,hellacious,0.397913724,10,3,1.77
rough,squirrely,0.395418465,9,3,1.74
rough,blowy,0.39270094,5,2,1.65
rough,trouble,0.391344875,7,2,4.79
rough,hairy,0.391102344,5,2,3.8
rough,gnarly,0.389358342,6,2,2.77
rough,ragged,0.388872981,6,2,3.19
rough,rockier,0.38581565,7,2,1.8
rough,testy,0.384124458,5,2,2.54
rough,ruts,0.382286757,4,1,2.37
rough,smooth,0.376429975,6,1,4.4
rough,terrible,0.376407236,8,3,4.71
rough,torturous,0.374117613,9,3,2.57
rough,sandy,0.373202652,5,2,4.19
rough,squirrelly,0.371485054,10,3,1.84
rough,horrendous,0.369982719,10,3,3.43
rough,horrid,0.369693518,6,2,3.28
rough,miserable,0.369664967,9,4,4.07
rough,horrible,0.367495805,8,3,4.44
rough,solid,0.367116243,5,2,4.73
rough,harrowing,0.366780162,9,3,3.07
rough,turny,0.366008103,5,2,1.33
rough,unforgiving,0.365935773,11,4,2.95
rough,rutted,0.365595371,6,2,2.04
rough,dificult,0.364042699,8,3,1.77
rough,decent,0.36369276,6,2,4.4
rough,lousy,0.362375379,5,2,3.31
rough,murky,0.361688554,5,2,3.12
rough,messy,0.361641943,5,2,3.87
rough,thick,0.361474842,5,1,4.46
rough,perilous,0.360862285,8,3,3.18
rough,wet,0.360536784,3,1,4.54
rough,windy,0.360492557,5,2,3.57
rough,gritty,0.359958291,6,2,3.39
rough,trickier,0.359505385,8,2,2.75
rough,torrid,0.359278649,6,2,2.64
rough,foggy,0.357822925,5,2,3.19
rough,tumultuous,0.356851518,10,3,3.06
rough,scary,0.355820686,5,2,4.37
rough,boggy,0.355813622,5,2,2.42
rough,crummy,0.355635166,6,2,2.58
rough,bumpiness,0.354965121,9,3,1.15
rough,bleak,0.354831547,5,1,3.43
rough,sandpaper,0.354623467,9,3,2.73
rough,grind,0.349255562,5,1,3.94
rough,steep,0.348790228,5,1,3.99
rough,hellish,0.348709852,7,2,2.92
rough,rusty,0.347791255,5,2,3.61
rough,chilly,0.347741276,6,2,3.5
rough,duffed,0.34768939,6,2,1.18
rough,lumpy,0.345777661,5,2,2.84
rough,unsteady,0.345432609,8,3,2.73
rough,mucky,0.344700515,5,2,2.29
rough,dreadful,0.341916978,8,2,3.66
rough,crapshoot,0.341832608,9,2,1.94
rough,ugly,0.341463268,4,2,4.42
rough,wild,0.341221213,4,1,4.8
rough,handsy,0.341194928,6,2,2.05
rough,slog,0.341124594,4,1,2.87
rough,tumble,0.340985805,6,2,3.41
rough,coarse,0.340901643,6,1,3.41
rough,snarly,0.340465963,6,2,1.54
rough,hazy,0.338184565,4,2,3.14
rough,jarring,0.337877721,7,2,3.03
rough,painful,0.3375718,7,2,4.32
rough,rollercoaster,0.336246639,13,4,3.15
rough,slippy,0.33596471,6,2,2.29
rough,unpolished,0.334971845,10,4,2.37
rough,grueling,0.334828079,8,2,2.93
rough,shotter,0.334529668,7,2,1.56
rough,unkind,0.333966255,6,2,2.99
rough,sharp,0.333766341,5,1,4.48
rough,nightmarish,0.33289054,11,3,2.7
rough,kinder,0.331926763,6,2,3.3
rough,scrappy,0.331856608,7,2,3.06
rough,mild,0.33140561,4,1,4.11
rough,jagged,0.330709487,6,2,3.12
rough,awful,0.330319881,5,2,4.46
rough,ropey,0.329987943,5,2,1.92
rough,wobbly,0.329892218,6,2,3.03
rough,atrocious,0.329185903,9,3,3.14
rough,frustrating,0.328849107,11,3,3.97
rough,disappointing,0.328644127,13,4,4.02
rough,chaotic,0.328202248,7,2,3.67
rough,dirty,0.328008205,5,2,4.55
rough,subpar,0.327607512,6,2,2.65
rough,nice,0.32624957,4,1,5.37
rough,scratchy,0.325686574,8,2,2.79
rough,icy,0.32547003,3,2,3.54
rough,sketchy,0.324788272,7,2,3.22
rough,challenging,0.324639052,11,3,4.27
rough,deep,0.32449919,4,1,5.05
rough,soggy,0.324309111,5,2,3.14
rough,scrapes,0.322798282,7,2,2.86
rough,slipperiest,0.32272163,11,3,1.08
rough,rugged,0.320766568,6,2,3.6
rough,cuppy,0.320277214,5,2,1.72
rough,better,0.320179462,6,2,5.76
rough,erratic,0.320173651,7,3,3.34
rough,frosty,0.320017278,6,2,3.2
rough,rowdy,0.319493502,5,2,3.21
rough,vicious,0.317859143,7,2,3.83
rough,arduous,0.316138685,7,2,3.18
rough,corrugations,0.315926641,12,4,1.48
rough,mudded,0.31584987,6,2,1.13
rough,stiff,0.314852148,5,1,3.9
rough,bruising,0.314697683,8,2,3.18
rough,streaky,0.314653009,7,2,2.46
rough,scraggly,0.314113796,8,2,2.12
rough,squishy,0.313821465,7,2,3.04
rough,daunting,0.312781304,8,2,3.4
rough,shakey,0.31276229,6,2,2.24
rough,diffcult,0.312200397,8,2,1.35
rough,feisty,0.31168732,6,2,3.07
rough,strong,0.311624944,6,1,5.22
rough,bruised,0.311178952,7,2,3.39
rough,slick,0.310601771,5,1,3.71
rough,touchy,0.310557038,6,2,3.14
rough,poor,0.310264915,4,1,5.09
rough,struggled,0.310100257,9,2,4.01
rough,scraped,0.309632063,7,2,3.2
rough,awkward,0.309244871,7,2,4.29
rough,nervy,0.309043765,5,2,2.25
rough,grittier,0.30893743,8,2,2.16
rough,prickly,0.308758944,7,2,3.03
rough,chippy,0.308230281,6,2,2.62
rough,fairway,0.307678699,7,2,2.93
rough,slushy,0.307629585,6,2,2.41
rough,precarious,0.307616234,10,3,3.27
rough,raucous,0.307273388,7,2,2.82
rough,savage,0.306994051,6,2,4.05
rough,turbulence,0.306543529,10,3,3.55
rough,brawling,0.306053758,8,2,2.61
rough,little,0.305138111,6,2,5.75
rough,redear,0.305131376,6,2,1.05
rough,grim,0.30512628,4,1,3.69
rough,birdied,0.305094033,7,2,1.95
rough,bit,0.304962397,3,1,5.37
rough,diamond,0.30472815,7,2,4.42
rough,hiccup,0.304512978,6,2,2.91
rough,gloomy,0.303882897,6,2,3.39
rough,stange,0.303813428,6,1,1.86
rough,patchy,0.303671539,6,2,2.93
rough,driveable,0.30335629,9,3,1.67
rough,frigid,0.303197384,6,2,2.98
rough,sorer,0.303076178,5,2,1.4
rough,timid,0.303064793,5,2,3.25
rough,cocky,0.302111,5,2,3.39
rough,stumbling,0.302001446,9,2,3.35
rough,wobbles,0.301215589,7,2,2.51
rough,weak,0.300722122,4,1,4.66
rough,adversity,0.300672531,9,4,3.38
rough,nastier,0.300420284,7,2,2.43
rough,cruisy,0.300116062,6,2,1.18
rough,weathered,0.300078124,9,3,3.15
rough,crazy,0.300028563,5,2,5.07
rough,undulations,0.299758315,11,4,2.1
rough,divots,0.299610108,6,2,1.88
rough,silty,0.299389511,5,2,2.11
rough,stressful,0.298970401,9,2,3.88
rough,worse,0.298880488,5,1,4.89
rough,tamest,0.298772812,6,2,1.43
rough,struggles,0.298289716,9,2,4.08
rough,persevered,0.298029453,10,4,2.63
rough,wayward,0.297991544,7,2,3.09
rough,worst,0.297912151,5,1,4.93
rough,binghampton,0.29780829,11,3,1.15
rough,tortuous,0.297632337,8,2,2.65
rough,mudder,0.29732433,6,2,2.29
rough,calmer,0.29705134,6,2,3.05
rough,peaky,0.296926647,5,2,2.47
rough,kikuyu,0.295683235,6,2,2.44
rough,brawny,0.295634687,6,2,2.34
rough,easy,0.295426697,4,2,5.29
rough,pretty,0.29527089,6,2,5.38
rough,northing,0.295176446,8,2,1.25
rough,unorthodox,0.294717073,10,4,3.16
rough,inhospitable,0.294590265,12,5,2.76
rough,tense,0.294588894,5,1,3.95
rough,edgy,0.294456452,4,2,3.39
rough,dreary,0.294258088,6,2,3.08
rough,muddiest,0.294043034,8,2,1.06
rough,tamer,0.29388687,5,2,2.74
rough,doozy,0.293810338,5,2,2.48
rough,weird,0.293805093,5,1,4.81
rough,gutsy,0.293589801,5,2,2.73
rough,scabbed,0.293356121,7,2,1.59
rough,spotty,0.293298632,6,2,2.94
rough,weathers,0.293034852,8,2,2.84
rough,tempestuous,0.292950809,11,3,2.49
rough,battering,0.292940527,9,3,2.87
rough,dewy,0.292815983,4,2,2.64
rough,misty,0.292743146,5,2,3.39
rough,parky,0.29245171,5,2,1.68
rough,salty,0.292404175,5,2,3.74
rough,shaggy,0.292093068,6,2,3.18
rough,abrasive,0.2918576,8,3,3.22
rough,grippy,0.291579753,6,2,2.08
rough,fierce,0.29136759,6,1,3.92
rough,icier,0.291354239,5,2,1.15
rough,sticky,0.291312426,6,2,3.8
rough,hectic,0.2912907,6,2,3.33
rough,bummer,0.291142553,6,2,3.2
rough,bounces,0.291077077,7,2,3.17
rough,sluggish,0.290048361,8,2,3.25
rough,terrific,0.288974762,8,3,3.9
rough,placid,0.288959086,6,2,3.01
rough,helluva,0.288881719,7,3,2.84
rough,uglier,0.288636059,6,2,2.85
rough,flawless,0.288452417,8,2,3.6
rough,kinks,0.288245887,5,1,3.18
rough,doddle,0.288079202,6,2,2
rough,rosy,0.288057446,4,2,3.28
rough,heady,0.287983418,5,2,2.93
rough,scruffy,0.287822694,7,2,2.85
rough,punishing,0.287652194,9,3,3.5
rough,uncertain,0.287594646,9,3,3.99
rough,wretched,0.287573516,8,2,3.37
rough,briars,0.28695035,6,1,1.87
rough,uninviting,0.286862999,10,4,2
rough,cruddy,0.286424518,6,2,2.05
rough,hole,0.286179334,4,1,4.66
rough,pebbly,0.286171913,6,2,1.95
rough,yawed,0.286125213,5,2,1.02
rough,messed,0.285987616,6,2,4.01
rough,intimidating,0.285981029,12,5,3.56
rough,mesoraco,0.285936356,8,4,1.47
rough,splintery,0.28589499,9,3,1.27
rough,slow,0.285833508,4,1,4.85
rough,tee,0.285601079,3,1,3.82
rough,scuffling,0.285553604,9,2,2.12
rough,ribbing,0.285482377,7,2,2.53
rough,steadiest,0.285237163,9,2,1.63
rough,unpromising,0.285154045,11,4,2.12
rough,claggy,0.284834951,6,2,1.01
rough,muddied,0.284506261,7,2,2.31
rough,muddling,0.284303844,8,2,2.13
rough,wintery,0.284173548,7,3,2.12
rough,ferocious,0.284051597,9,3,3.21
rough,pathless,0.283968031,8,2,1.37
rough,glary,0.283658266,5,2,1.1
rough,straightforward,0.283552587,15,3,3.83
rough,lackluster,0.283515304,10,3,2.99
rough,barren,0.283424675,6,2,3.4
rough,tentative,0.283007592,9,3,3.45
rough,gravelly,0.282899886,8,3,2.56
rough,tight,0.282879621,5,1,4.57
rough,frightful,0.282498151,9,2,2.82
rough,murkier,0.282306731,7,2,1.87
rough,dire,0.282302111,4,1,3.66
rough,seedy,0.282258302,5,2,2.83
rough,unspectacular,0.282205105,13,5,2.12
rough,tannish,0.282200277,7,2,1.06
rough,nightmare,0.282133073,9,2,4.19
rough,ballsy,0.281994015,6,2,2.54
rough,dismal,0.281943858,6,2,3.26
rough,snowy,0.281888366,5,2,3.46
rough,breezy,0.281395823,6,2,3.12
rough,rollicking,0.281245977,10,3,2.39
rough,fuzzy,0.281233341,5,2,3.65
rough,crosswind,0.281030536,9,2,2.15
rough,tweeked,0.280797303,7,2,1.24
rough,circuitous,0.280496001,10,3,2.43
rough,polishing,0.280428439,9,3,3.28
rough,unpleasant,0.280375034,10,3,3.8
rough,sandier,0.280367315,7,2,1.33
rough,darker,0.28021428,6,2,3.93
rough,paspalum,0.28007558,8,3,1.61
rough,brutish,0.279930562,7,2,2.57
rough,groove,0.279695451,6,1,3.74
rough,navigating,0.279665232,10,4,3.29
rough,inconsistent,0.279573917,12,4,3.79
rough,cautious,0.279408872,8,2,3.79
rough,wintry,0.279316157,6,2,2.73
rough,whitecaps,0.279200107,9,3,2.49
rough,whump,0.279151767,5,1,1.35
rough,respectable,0.278986603,11,4,3.71
rough,itchy,0.278881997,5,2,3.34
rough,hummocks,0.278762966,8,2,1.57
rough,gusty,0.278688461,5,2,2.59
rough,tepid,0.2786825,5,2,2.71
rough,conservatively,0.27867502,14,6,2.82
rough,severe,0.278551519,6,2,4.56
rough,sunnier,0.278500646,7,2,2.2
rough,unaggressive,0.278423816,12,4,1.27
rough,edges,0.278121114,5,2,4.09
rough,fickle,0.277932525,6,2,3.12
rough,bouncing,0.277911872,8,2,3.6
rough,fitful,0.27762273,6,2,2.21
rough,scrubby,0.277281255,7,2,2.31
rough,ticklish,0.277091831,8,2,2.62
rough,stern,0.277084172,5,1,3.9
rough,stony,0.276813388,5,2,3.3
rough,bunker,0.276813209,6,2,3.67
rough,shitty,0.276770562,6,2,4.04
rough,calmest,0.276571274,7,2,2.16
rough,delicate,0.276564658,8,3,4.01
rough,mudding,0.276539207,7,2,1.94
rough,goosey,0.276527703,6,2,1.93
rough,humps,0.276518136,5,1,2.56
anger,resentment,0.783702672,10,3,3.61
anger,fury,0.735936642,4,2,3.91
anger,frustration,0.735594094,11,3,3.97
anger,outrage,0.723451257,7,2,3.84
anger,discontent,0.697060406,10,3,3.37
anger,unhappiness,0.691213012,11,4,3.15
anger,disgust,0.686439753,7,2,3.61
anger,indignation,0.685826659,11,4,3.08
anger,dissatisfaction,0.637351811,15,5,3.32
anger,hostility,0.623068333,9,4,3.61
anger,bitterness,0.622355878,10,3,3.45
anger,revulsion,0.615411758,9,3,2.71
anger,disquiet,0.607196808,8,2,2.5
anger,anguish,0.601909757,7,2,3.37
anger,angst,0.601139128,5,1,3.26
anger,disenchantment,0.600760818,14,4,2.46
anger,exasperation,0.596848488,12,5,2.64
anger,disaffection,0.593936086,12,4,2.4
anger,dismay,0.592077911,6,2,3.26
anger,hatred,0.590177655,6,2,4.05
anger,animosity,0.589378417,9,5,3.17
anger,displeasure,0.588003814,11,3,3.14
anger,unease,0.584673464,6,2,2.78
anger,anxiety,0.572127581,7,4,4.45
anger,distrust,0.571756959,8,2,3.4
anger,feelings,0.570624709,8,2,4.71
anger,disillusionment,0.568397462,15,5,2.82
anger,impatience,0.564177692,10,3,2.98
anger,grief,0.561864734,5,1,4.08
anger,antagonism,0.561219513,10,4,2.84
anger,angry,0.552817762,5,2,4.66
anger,emotions,0.551624656,8,3,4.37
anger,rancor,0.546050072,6,2,2.51
anger,loathing,0.545078874,8,2,3.16
anger,ire,0.544371665,3,1,3.22
anger,distaste,0.538085282,8,2,2.92
anger,sympathy,0.530803502,8,3,4.01
anger,jealousy,0.527464151,8,3,3.74
anger,bewilderment,0.524181545,12,4,2.63
anger,ambivalence,0.523727953,11,4,2.8
anger,antipathy,0.523320138,9,4,2.7
anger,consternation,0.523317754,13,4,2.81
anger,disdain,0.522753954,7,2,3.33
anger,disapproval,0.522576213,11,4,3.28
anger,despair,0.518797219,7,2,3.82
anger,vitriol,0.51723671,7,2,2.87
anger,seething,0.506608963,8,2,2.87
anger,irritation,0.504887521,10,4,3.42
anger,disappointment,0.504691958,14,4,4.01
anger,backlash,0.499725819,8,2,3.66
anger,anxieties,0.497830987,9,3,3.13
anger,scorn,0.496914029,5,1,3.13
anger,wariness,0.493956804,8,3,2.21
anger,sorrow,0.490956426,6,2,3.73
anger,mistrust,0.488839388,8,2,3.06
anger,skepticism,0.487271607,10,3,3.4
anger,furor,0.486504346,5,2,2.52
anger,helplessness,0.48580727,12,3,2.91
anger,bafflement,0.482159525,10,3,1.8
anger,uneasiness,0.478824049,10,4,2.51
anger,uproar,0.474707842,6,2,3.16
anger,annoyance,0.473599464,9,2,3.33
anger,didtain,0.473109007,7,2,1.59
anger,fear,0.47201097,4,1,4.95
anger,incredulity,0.470441669,11,5,2.53
anger,abhorrence,0.468772769,10,3,2.19
anger,nervousness,0.468331248,11,3,3.04
anger,acrimony,0.46755451,8,4,2.34
anger,cynicism,0.4674052,8,3,3.13
anger,apathy,0.466408938,6,3,3.26
anger,astonishment,0.460898608,12,4,2.86
anger,dissension,0.458995819,10,3,2.55
anger,puzzlement,0.458208382,10,3,2.19
anger,defensiveness,0.457641602,13,5,2.37
anger,remorse,0.45683822,7,2,3.49
anger,enraged,0.456398845,7,3,3.33
anger,outcry,0.453444779,6,2,3.21
anger,detestation,0.451890945,11,4,1.62
anger,sadness,0.451019049,7,2,3.88
anger,elation,0.450373322,7,3,2.7
anger,alienation,0.448386043,10,4,3.16
anger,tensions,0.448300958,8,2,3.78
anger,paranoia,0.447500825,8,3,3.42
anger,discord,0.446938425,7,2,3.45
anger,recriminations,0.446074516,14,5,2.29
anger,enmity,0.445826441,6,3,3.01
anger,criticism,0.444445163,9,3,4.49
anger,jubilation,0.443289936,10,4,2.53
anger,despondency,0.443129331,11,4,2.22
anger,dislike,0.442429364,7,2,3.89
anger,wrath,0.442353904,5,1,3.7
anger,animus,0.442280471,6,3,2.7
anger,sentiments,0.43972677,10,3,3.55
anger,petulance,0.438907862,9,3,2.08
anger,negativity,0.43844384,10,5,3.49
anger,weariness,0.435781926,9,3,2.63
anger,protests,0.433211625,8,2,4.2
anger,contrition,0.432441443,10,3,2.62
anger,powerlessness,0.429048568,13,4,2.53
anger,restlessness,0.429016203,12,3,2.8
anger,arrogance,0.428682625,9,3,3.55
anger,incomprehension,0.425615996,15,5,2.03
anger,desperation,0.425027788,11,4,3.55
anger,humiliation,0.424994677,11,4,3.55
anger,concern,0.424597055,7,2,4.66
anger,angrier,0.424257427,7,2,2.75
anger,irate,0.423981011,5,2,2.78
anger,pessimism,0.423809558,9,3,2.97
anger,saddness,0.423558354,8,2,1.03
anger,disbelief,0.423321426,9,3,3.43
anger,empathy,0.423288286,7,3,3.72
anger,grievances,0.421306849,10,3,3.39
anger,indifference,0.419869542,12,4,3.34
anger,opprobrium,0.419498473,10,3,2.11
anger,admiration,0.419386595,10,4,3.59
anger,derision,0.418989539,8,3,2.8
anger,vindictiveness,0.417502642,14,5,2.05
anger,vituperation,0.417311281,12,5,1.52
anger,outcries,0.417146385,8,2,1.87
anger,unpopularity,0.416589409,12,6,2.62
anger,callousness,0.416352212,11,3,2.28
anger,bemusement,0.416193485,10,4,1.86
anger,apprehension,0.415989667,12,4,3.09
anger,hopelessness,0.414833307,12,4,2.94
anger,hysteria,0.414781451,8,3,3.38
anger,furious,0.412132412,7,2,3.98
anger,misgivings,0.411762774,10,3,2.9
anger,trepidation,0.411624044,11,4,2.72
anger,venom,0.409483522,5,2,3.57
anger,scepticism,0.409477055,10,3,2.94
anger,confusion,0.409191638,9,3,4.19
anger,insecurities,0.408872455,12,5,3.28
anger,revolt,0.408863962,6,2,3.73
anger,enthusiasm,0.40846613,10,4,4.02
anger,passions,0.407450795,8,2,3.58
anger,contempt,0.407425344,8,2,3.74
anger,indignant,0.407404184,9,3,2.86
anger,resentful,0.406779051,9,3,2.97
anger,regret,0.406480789,6,2,4.37
anger,seethed,0.406437665,7,2,1.92
anger,grumbling,0.405724496,9,2,2.89
anger,disinterest,0.404839009,11,4,2.56
anger,anxiousness,0.404295385,11,3,1.95
anger,furies,0.404232323,6,2,2.53
anger,unrest,0.40418309,6,2,3.61
anger,strife,0.403263658,6,1,3.4
anger,vehemence,0.403119773,9,3,2.23
anger,perplexity,0.40303418,10,4,2.14
anger,defiance,0.402792752,8,2,3.48
anger,embarrassment,0.401629537,13,4,3.77
anger,repulsion,0.401514471,9,3,2.61
anger,disagreement,0.40096119,12,4,3.66
anger,despondence,0.400555521,11,3,1.19
anger,belligerence,0.3994461,12,4,2.12
anger,heartache,0.398563892,9,2,3.2
anger,insensitivity,0.398165315,13,6,2.66
anger,condemnation,0.397452325,12,4,3.52
anger,tempers,0.397062778,7,2,2.81
anger,infuriated,0.396663427,10,4,2.97
anger,betrayal,0.395949215,8,2,3.68
anger,vexation,0.395836622,8,3,1.98
anger,denunciations,0.395706177,13,4,2.37
anger,outbursts,0.395049185,9,2,3
anger,amazement,0.394620687,9,4,3
anger,animosities,0.394534558,11,5,2.09
anger,fervor,0.394061178,6,2,3.05
anger,controversy,0.39343363,11,4,4.26
anger,enthusiasm,0.393121451,9,3,1.22
anger,repugnance,0.392818987,10,3,1.87
anger,indecision,0.392047167,10,4,2.77
anger,disrespect,0.391233444,10,3,3.63
anger,dissent,0.391088575,7,2,3.56
anger,panic,0.390568346,5,2,4.26
anger,ignorance,0.389641136,9,3,4.04
anger,pain,0.388289928,4,1,5.03
anger,discouragement,0.387749374,14,5,2.53
anger,xenophobia,0.38708207,10,4,3.06
anger,apoplexy,0.385960311,8,4,2.21
anger,insecurity,0.384754986,10,5,3.56
anger,reaction,0.38378343,8,3,4.73
anger,antipathies,0.382752031,11,4,1.29
anger,bile,0.382490575,4,1,3.21
anger,remonstrations,0.380642056,14,4,1.03
anger,befuddlement,0.379854232,12,4,1.5
anger,rioting,0.379412562,7,2,3.27
anger,optimism,0.379201621,8,3,3.66
anger,dejection,0.378164142,9,3,2.15
anger,bloodlust,0.378082752,9,2,2.44
anger,crankiness,0.377516985,10,3,1.62
anger,glee,0.375814885,4,1,3.49
anger,clamor,0.375488788,6,2,2.62
anger,dread,0.375151962,5,1,3.64
anger,ridicule,0.375141382,8,3,3.34
anger,injustice,0.374664843,9,3,3.81
anger,reluctance,0.37457481,10,3,3.42
anger,cowardice,0.374441415,9,3,3.11
anger,suspicions,0.374376118,10,3,3.49
anger,opposition,0.374208272,10,4,4.57
anger,discomfort,0.373800695,10,3,3.65
anger,angriest,0.373576045,8,2,2.24
anger,disunity,0.373489082,8,4,2.45
anger,rudeness,0.373271555,8,3,2.91
anger,meanness,0.373209566,8,2,2.47
anger,bellicosity,0.372803271,11,5,1.44
anger,aversion,0.372108817,8,3,3.25
anger,invective,0.371622026,9,3,2.41
anger,adoration,0.371446908,9,4,3.11
anger,discomfiture,0.37102893,12,4,1.63
anger,excitement,0.369328171,10,3,4.19
anger,jeers,0.369229615,5,1,2.32
anger,reticence,0.368802726,9,3,2.6
anger,shyness,0.368613303,7,2,2.9
anger,friction,0.368592501,8,2,3.71
anger,grumpiness,0.368275851,10,3,1.73
anger,giddiness,0.368148059,9,3,2.01
anger,ardor,0.367397398,5,2,2.34
anger,slights,0.366703421,7,1,2.34
anger,sarcasm,0.366647512,7,2,3.62
anger,euphoria,0.366550803,8,3,3.24
anger,stupidity,0.366162479,9,4,3.66
anger,aggression,0.365454137,10,3,3.9
anger,squeamishness,0.365392327,13,3,1.72
anger,jeering,0.365220308,7,2,2.43
anger,greed,0.36490342,5,1,3.73
anger,divisiveness,0.364808381,12,5,2.39
anger,intransigence,0.364795595,13,4,2.35
anger,compassion,0.363697112,10,3,3.95
anger,tirade,0.363611132,6,2,2.87
anger,eagerness,0.363466382,9,3,2.9
anger,groundswell,0.362708449,11,2,2.29
anger,assertiveness,0.362488627,13,5,2.62
anger,blowback,0.361517012,8,2,2.71
anger,disgruntled,0.361280859,11,3,3.11
anger,jubilance,0.361254692,9,3,1.08
anger,heartbreak,0.360819072,10,2,3.39
anger,assuaging,0.360577077,9,3,1.76
anger,rebellion,0.360334754,9,3,3.94
anger,ingratitude,0.360169381,11,4,2.29
anger,intolerance,0.35979557,11,4,3.46
anger,mortification,0.359761387,13,5,2.29
anger,retribution,0.359403044,11,4,3.38
anger,guilt,0.359311968,5,1,4.13
anger,demoralisation,0.359272778,14,6,1.49
anger,demoralization,0.358999342,14,6,1.91
anger,despair,0.358807772,7,2,1.5
anger,curiosity,0.358115464,9,5,3.97
anger,humiliation,0.357537687,10,4,1.24
anger,apoplectic,0.357395142,10,4,2.25
anger,hateful,0.357382387,7,3,3.52
anger,mad,0.357343167,3,1,4.74
anger,condescension,0.357260257,13,4,2.71
anger,impoliteness,0.357236713,12,5,1.37
anger,agony,0.357158571,5,3,3.6
anger,envy,0.356583893,4,2,3.84
anger,dissidence,0.356190354,10,3,1.99
anger,agonized,0.356134325,8,4,2.33
anger,laughter,0.355602264,8,2,4.1
anger,firestorm,0.355493098,9,3,2.92
anger,misery,0.355279654,6,3,3.89
anger,racism,0.355167508,6,2,4.25
anger,taunts,0.355001062,6,1,2.96
anger,hesitance,0.354862064,9,3,1.91
anger,sympathies,0.354249358,10,3,3.23
anger,haughtiness,0.353585392,11,3,1.77
anger,shame,0.353569388,5,1,4.55
anger,contentiousness,0.352204055,15,4,1.37
anger,incensed,0.352167368,8,3,2.8
anger,joy,0.350098908,3,1,4.55
anger,loneliness,0.349359214,9,3,1.6
anger,fuming,0.348793149,6,2,2.95
anger,hesitancy,0.348624438,9,4,2.35
anger,nationalism,0.34833625,11,4,3.83
anger,livid,0.348040789,5,2,2.99
anger,exuberance,0.347152859,10,4,2.79
anger,vileness,0.346969068,8,3,1.78
anger,rift,0.346913159,4,1,3.64
anger,surliness,0.346561164,9,3,1.27
anger,neurosis,0.346381992,8,3,2.57
anger,unfairness,0.345971227,10,3,2.81
anger,worries,0.345528603,7,2,4.16
anger,prejudice,0.345402718,9,3,3.79
anger,grudge,0.345386177,6,1,3.33
anger,exultation,0.344972789,10,4,1.93
anger,selfishness,0.344916403,11,3,3.22
anger,indecisiveness,0.344911903,14,6,2.18
anger,mirth,0.344911069,5,1,2.62
anger,unreasoning,0.344827116,11,4,1.7
anger,infighting,0.344740212,10,3,2.9
anger,aggravation,0.344728559,11,4,2.76
anger,boos,0.344576746,4,1,3.03
anger,zealotry,0.344428003,8,3,1.97
anger,violence,0.344178528,8,3,4.75
anger,bigotry,0.344173193,7,3,3.42
anger,misunderstanding,0.343796521,16,5,3.7
anger,riots,0.343436092,5,1,3.87
anger,spat,0.343334883,4,1,3.3
anger,rebuke,0.342084855,6,2,3.1
anger,turmoil,0.34205544,7,2,3.52
anger,heckling,0.341865033,8,2,2.5
anger,shock,0.341828704,5,1,4.46
anger,rebelliousness,0.341472745,14,4,2
anger,diffidence,0.341468871,10,3,1.83
anger,immaturity,0.341007233,10,5,2.8
anger,vehement,0.340952933,8,3,2.62
anger,idiocy,0.340884358,6,3,2.92
anger,snub,0.340255737,4,1,2.9
anger,unforgiveness,0.33984974,13,5,1.67
anger,queasiness,0.339633375,10,3,1.64
anger,ugliness,0.338566422,8,3,2.98
anger,insolence,0.338552654,9,3,2.65
anger,jumpiness,0.338418841,9,3,1.14
anger,angrily,0.338415235,7,3,3.34
anger,curiosity,0.338270098,10,4,2
anger,radicalism,0.338087589,10,4,2.89
anger,reprobation,0.337706774,11,4,1.56
anger,chagrin,0.337142169,7,2,2.86
anger,odium,0.336950064,5,2,2
anger,pride,0.336872786,5,1,4.49
anger,tantrum,0.336815178,7,2,3.13
anger,alienated,0.336523056,9,4,3.29
anger,protestations,0.336041361,13,4,2.52
anger,provoked,0.335919499,8,3,3.51
anger,protesting,0.335756332,10,3,3.76
anger,confidence,0.335472524,10,3,4.65
anger,stubbornness,0.335392267,12,3,2.83
anger,hypocrisy,0.335369825,9,4,3.65
anger,timidity,0.334718287,8,4,2.34
anger,suspiciousness,0.334481537,14,4,1.22
anger,inarticulately,0.334184706,14,7,1.18
anger,spiteful,0.33391729,8,3,2.92
anger,distress,0.333824605,8,2,3.95
anger,venting,0.333611041,7,2,3.14
anger,howls,0.333257914,5,1,2.78
anger,pity,0.333244085,4,2,3.98
anger,provocation,0.333238602,11,4,3.19
anger,chaos,0.333194852,5,2,4.27
anger,groans,0.333110422,6,1,2.93
anger,jealousies,0.333044678,10,3,2.12
anger,schadenfreude,0.332106233,13,3,2.43
anger,unhappy,0.331906766,7,3,4.06
anger,ranting,0.331573188,7,2,3.14
anger,fanaticism,0.331354231,10,4,2.73
anger,agitation,0.33099556,9,4,3.19
anger,irrational,0.330994099,10,4,3.56
anger,estrangement,0.330593348,12,4,2.56
anger,chauvinism,0.330399424,10,3,2.49
anger,vilification,0.330072343,12,5,2.26
anger,upness,0.330071777,6,2,1.1
anger,cowardliness,0.330027848,12,4,1.25
anger,possessiveness,0.329369307,14,5,2.05
anger,delight,0.329346448,7,2,3.97
anger,lashing,0.328915447,7,2,3.04
anger,powderkeg,0.328748375,9,3,1.23
anger,rejection,0.328715295,9,3,3.9
anger,frustrated,0.328328282,10,3,4.08
anger,resenting,0.327909261,9,3,2.39
anger,obstinacy,0.327857584,9,4,2.23
anger,impatient,0.327830285,9,3,3.55
anger,booing,0.327626437,6,1,3.13
anger,adulation,0.327254862,9,4,2.6
anger,cockiness,0.32725063,9,3,2.2
anger,yearning,0.327239186,8,2,3.24
anger,grumbles,0.327171326,8,2,2.47
anger,disaffected,0.327089638,11,4,2.75
anger,tempest,0.32706818,7,2,3.29
anger,contumely,0.326949686,9,4,1.25
anger,longing,0.326888293,7,2,3.5
anger,uncaring,0.326765209,8,3,2.58
anger,disapprobation,0.326746404,14,5,1.51
anger,bravado,0.32633993,7,3,2.8
anger,outspokenness,0.326224267,13,4,1.87
anger,malice,0.326189458,6,2,3.34
anger,goading,0.32562989,7,2,2.25
anger,demotivation,0.325601012,12,5,1.24
anger,lawlessness,0.325438738,11,3,2.91
anger,pent,0.324907899,4,1,2.95
anger,insults,0.324824572,7,2,3.59
anger,thoughtlessness,0.324152827,15,3,1.84
anger,criticism,0.324081659,9,3,1.13
anger,petulant,0.323798299,8,3,2.73
anger,contentment,0.323231041,11,3,3.05
anger,childish,0.323223084,8,2,3.73
anger,simmering,0.323089629,9,3,2.86
anger,viciousness,0.323061287,11,3,2.25
anger,tendencies,0.322997272,10,3,1.05
anger,backtalk,0.322912335,8,2,1.61
anger,vented,0.321939349,6,2,2.97
anger,sternness,0.321779221,9,2,1.53
anger,ungratefulness,0.321735293,14,5,1.29
anger,objections,0.321592838,10,3,3.69
anger,egotism,0.321561843,7,3,2.28
anger,narcissism,0.321557462,10,3,3.05
anger,heartlessness,0.321553528,13,3,1.72
anger,embittered,0.321545839,10,4,2.6
anger,stupefaction,0.321388781,12,4,1.46
anger,rhetoric,0.321223319,8,3,3.95
anger,solidarity,0.320793122,10,5,3.89
anger,rants,0.320644021,5,1,3.12
anger,chaos,0.320618778,5,1,1.29
anger,hubris,0.320483506,6,2,2.94
anger,wrongness,0.320385456,9,2,2.14
anger,grieving,0.320080221,8,2,3.45
anger,impotence,0.320043176,9,3,2.96
anger,emotionality,0.319799244,12,6,2.01
anger,fume,0.319790423,4,1,2.63
anger,truculence,0.319728285,10,3,1.43
anger,histrionics,0.319125533,11,3,2.14
anger,insincerity,0.319056451,11,5,2.07
anger,demonization,0.318961978,12,5,2.24
anger,immolates,0.318380982,9,4,1.19
anger,dudgeon,0.318145841,7,2,2.24
anger,upheaval,0.317918509,8,3,3.13
anger,bashfulness,0.317578167,11,3,1.38
anger,denouncements,0.317319632,13,4,1.26
anger,disharmony,0.317204505,10,4,2.34
anger,scoldings,0.317079157,9,2,1.28
anger,snit,0.317003042,4,1,1.84
anger,negativism,0.316877455,10,4,1.61
anger,grousing,0.316834986,8,2,1.76
anger,heedlessness,0.316802651,12,3,1.29
anger,disinclination,0.31642586,14,5,1.84
anger,irritability,0.316168725,12,6,2.76
anger,acquiescence,0.315756023,12,3,2.47
anger,nonchalance,0.315621823,11,3,2.22
anger,disconcert,0.315545887,10,3,1.62
anger,incompetence,0.315375298,12,4,3.43
bread,butter,0.641726017,6,2,4.4
bread,loaf,0.618497133,4,1,3.49
bread,flour,0.61521256,5,1,4
bread,loaves,0.604544699,6,2,2.92
bread,pasta,0.574478209,5,2,3.92
bread,baguettes,0.569829464,9,3,2.35
bread,sourdough,0.546552658,9,2,2.78
bread,unsliced,0.545273662,8,3,1.13
bread,challah,0.544900298,7,2,2.05
bread,focaccia,0.543030083,8,3,2.07
bread,humous,0.5421592,6,2,1.24
bread,pastry,0.541906774,6,2,3.53
bread,cornmeal,0.541831493,8,2,2.47
bread,cheese,0.540403068,6,1,4.57
bread,naan,0.534621358,4,1,2.58
bread,matzo,0.534109652,5,2,2.2
bread,porridge,0.534042299,8,2,3.11
bread,sadza,0.533381045,5,2,1.01
bread,wholemeal,0.527048528,9,3,2.09
bread,macaroni,0.52628231,8,4,3.11
bread,yeasted,0.524717927,7,2,1.24
bread,curd,0.522365272,4,1,2.92
bread,chapati,0.521963477,7,3,1.91
bread,rusks,0.520914793,5,1,1.5
bread,bagels,0.520866632,6,2,3.03
bread,farina,0.520863116,6,3,2.68
bread,biscuits,0.519393981,8,2,3.6
bread,matzah,0.518075228,6,2,1.9
bread,unleavened,0.517725646,10,4,2.29
bread,cake,0.516874373,4,1,4.53
bread,pastries,0.515766323,8,2,3.05
bread,pita,0.513239622,4,2,3
bread,polenta,0.511884451,7,3,2.53
bread,buns,0.511617184,4,1,3.39
bread,brioche,0.509536982,7,1,2.57
bread,simit,0.508715391,5,2,1.22
bread,soup,0.508681893,4,1,4.15
bread,lavash,0.508322477,6,2,1.53
bread,quiche,0.507038772,6,1,2.62
bread,ciabatta,0.506495237,8,3,2.01
bread,pancakes,0.503955364,8,3,3.59
bread,tortillas,0.501946211,9,3,2.93
bread,pumpernickel,0.50175035,12,4,1.89
bread,pies,0.501249194,4,1,3.58
bread,levain,0.500193894,6,2,1.52
bread,biscotti,0.497388959,8,3,2.27
bread,semolina,0.497168362,8,4,2.24
bread,injera,0.496405244,6,3,1.75
bread,blini,0.496325701,5,2,1.52
bread,oatmeal,0.495770305,7,2,3.37
bread,danishes,0.49546662,8,3,1.49
bread,baklava,0.495170563,7,3,2.36
bread,potatoes,0.493226975,8,3,4.09
bread,toscano,0.492485881,7,3,2.09
bread,muffins,0.492404342,7,2,3.24
bread,croissants,0.490632206,10,2,2.71
bread,ladyfingers,0.490154624,11,4,1.54
bread,lentils,0.489349872,7,2,3
bread,galettes,0.489022613,8,3,1.11
bread,margarine,0.487347901,9,3,2.83
bread,akara,0.485818893,5,3,1.5
bread,babka,0.485583335,5,2,1.74
bread,garri,0.485229194,5,2,1.56
bread,samp,0.484460205,4,1,2.01
bread,zeppole,0.482535303,7,2,1.13
bread,sandwiches,0.482208043,10,3,3.77
bread,crouton,0.481923103,7,2,1.94
bread,untoasted,0.481767088,9,3,1.04
bread,scone,0.481188029,5,1,2.74
bread,panettone,0.48107028,9,3,1.69
bread,eba,0.480986774,3,2,2.5
bread,ravioli,0.480141878,7,3,2.86
bread,oaty,0.480134785,4,2,1.3
bread,idli,0.479577601,4,2,1.8
bread,lasagnas,0.479287773,8,3,1.4
bread,kasha,0.478958458,5,2,2.02
bread,ricotta,0.47743389,7,3,2.68
bread,kibbeh,0.477265418,6,2,1.34
bread,polony,0.475001544,6,3,1.01
bread,schnitzels,0.473858804,10,2,1.43
bread,crustless,0.473847628,9,2,1.43
bread,yogurt,0.473602653,6,2,3.63
bread,vegtables,0.473579437,9,3,1.2
bread,ugali,0.473127663,5,3,1.43
bread,halva,0.472646207,5,2,1.56
bread,saltines,0.472416788,8,3,1.95
bread,strudel,0.47226885,7,2,2.32
bread,rotis,0.4716447,5,2,1.69
bread,baker,0.471589625,5,2,4.23
bread,bulgur,0.471367002,6,2,2
bread,foodstuffs,0.471216619,10,2,2.84
bread,puddings,0.471015513,8,2,2.71
bread,pakora,0.47101289,6,3,1.59
bread,kugel,0.470186472,5,2,2.05
bread,fufu,0.470054865,4,2,1.95
bread,paprikash,0.469541281,9,3,1.11
bread,pickles,0.469442189,7,2,3.48
bread,noodles,0.46922949,7,2,3.7
bread,koftas,0.469061852,6,2,1.05
bread,suger,0.468631685,5,2,1.92
bread,falafels,0.468351513,8,3,1.53
bread,gingersnaps,0.467713058,11,3,1.21
bread,cornflakes,0.466961384,10,3,2.47
bread,sausages,0.466137856,8,3,3.3
bread,waffles,0.465807348,7,2,3.23
bread,baking,0.464025497,6,2,3.92
bread,boxty,0.463824719,5,2,1.09
bread,macaroons,0.463813305,9,3,2.37
bread,kibbee,0.463228077,6,1,1.41
bread,poha,0.463025898,4,2,1.55
bread,rajma,0.462622464,5,2,1.42
bread,milk,0.461755782,4,1,4.66
bread,bolognaise,0.460995495,10,3,1.43
bread,fillo,0.46050486,5,2,1.03
bread,crockpots,0.458173454,9,2,1.09
bread,banku,0.457735658,5,2,1.76
bread,amaretti,0.457518071,8,4,1.3
bread,reggiano,0.457446992,8,3,1.88
bread,gravy,0.457010776,5,2,3.48
bread,baps,0.456659526,4,1,2.22
bread,unsalted,0.45652017,8,3,2.52
bread,omlette,0.456461161,7,2,1.4
bread,fetta,0.456201494,5,2,1.25
bread,icecreams,0.455850452,9,3,1.03
bread,confiture,0.45538047,9,3,1.05
bread,dalia,0.455080062,5,2,2.55
bread,camembert,0.455030203,9,3,2.25
bread,sweets,0.453790873,6,1,3.62
bread,taramasalata,0.453604728,12,6,1.04
bread,chocolate,0.453291625,9,3,4.49
bread,mayonnaise,0.453288943,10,2,3.24
bread,tabouli,0.4524647,7,3,1.22
bread,wienerschnitzel,0.452223331,15,4,1.39
bread,toastie,0.452002287,7,1,1.85
bread,chevre,0.449379116,6,1,1.46
bread,panela,0.448871523,6,3,1.28
bread,bagna,0.448860586,5,2,1.29
bread,sattu,0.448710501,5,2,1.3
bread,blanquette,0.448583186,10,2,1.36
bread,boulangerie,0.448091924,11,3,1.61
bread,bacon,0.447855741,5,2,4.15
bread,kringle,0.447332174,7,2,2.01
foot,feet,0.658168435,4,1,4.99
foot,pound,0.527172923,5,1,4.32
foot,inch,0.519775987,4,1,4.49
foot,tall,0.509656072,4,1,4.52
foot,centimeter,0.498555481,10,4,2.89
foot,ft,0.463070571,2,1,4.52
foot,lanky,0.459504783,5,2,2.73
foot,foor,0.449529052,4,1,1.85
foot,towering,0.449391484,8,3,3.25
foot,hulking,0.446494669,7,2,2.5
foot,wingspan,0.445676804,8,2,2.81
foot,stringbean,0.434544593,10,2,1.13
foot,undersized,0.432871372,10,4,2.59
foot,wingspread,0.4293437,10,2,1.06
foot,ankle,0.424306482,5,2,3.97
foot,rangy,0.418937147,5,2,1.91
foot,inces,0.417422473,5,2,1.06
foot,shin,0.409152269,4,1,3.69
foot,leaper,0.40872103,6,2,1.78
foot,leg,0.405613929,3,1,4.66
foot,toe,0.402587771,3,1,4.07
foot,knee,0.402308017,4,1,4.33
foot,sponson,0.399738818,7,2,1.23
foot,tailbone,0.394907981,8,2,2.1
foot,metatarsals,0.394639462,11,4,1.84
foot,prototypical,0.391688913,12,5,2.56
foot,spindly,0.391257942,7,2,2.31
foot,beanpole,0.39087081,8,2,1.88
foot,diminutive,0.390315145,10,4,3.09
foot,shoulder,0.389531791,8,2,4.5
foot,stocky,0.384611666,6,2,2.71
foot,arch,0.383008212,4,1,4.02
foot,towered,0.380494118,7,3,2.42
foot,ibs,0.380439401,3,1,2.9
foot,heel,0.379103661,4,1,3.84
foot,forearm,0.376835436,7,2,3.28
foot,guard,0.375199109,5,1,4.73
foot,backside,0.374774188,8,2,3.2
foot,gunnel,0.374677598,6,2,1.5
foot,instep,0.370815277,6,2,2.12
foot,burm,0.370054424,4,1,1.23
foot,cm,0.367098689,2,1,4.27
foot,limbed,0.366538465,6,2,2.23
foot,muscular,0.366005629,8,3,3.67
foot,crossbeam,0.363869548,9,2,1.56
foot,height,0.363865018,6,1,4.53
foot,windlass,0.363375306,8,2,2.01
foot,strapping,0.362551421,9,2,2.89
foot,burly,0.357200772,5,2,2.82
foot,wiry,0.356978238,4,2,2.51
foot,bascule,0.355835468,7,2,1.75
foot,achillies,0.355185449,9,3,1.01
foot,wrist,0.355100363,5,1,4.01
foot,abcess,0.354012668,6,2,1.15
foot,gangly,0.353455216,6,2,2.18
foot,berm,0.352800816,4,1,2.4
foot,fibula,0.352514654,6,3,2.59
foot,tibia,0.351700932,5,2,2.9
foot,gunwale,0.351185501,7,2,1.65
foot,upright,0.350618094,7,2,3.74
foot,skywalker,0.350314617,9,3,3.13
foot,lbs,0.349533528,3,1,4.06
foot,davon,0.349425614,5,2,1.97
foot,thigh,0.348416328,5,1,3.73
foot,plantar,0.347807378,7,2,2.64
foot,snowdrifts,0.347798884,10,2,1.87
foot,meters,0.347387195,6,2,4.21
foot,wooden,0.347325206,6,2,4.33
foot,diagonally,0.346635282,10,4,2.94
foot,ledge,0.34644711,5,1,3.41
foot,mainmast,0.345607519,8,2,1.86
foot,heave,0.345219463,5,1,2.9
foot,quickness,0.344622374,9,2,2.83
foot,cuboid,0.342981726,6,2,2.02
foot,cleated,0.342403769,7,2,1.55
foot,hip,0.342143089,3,1,4.46
foot,abbrederis,0.341813833,10,4,1.34
foot,vertebrae,0.341562003,9,2,3.21
foot,waist,0.341405302,5,1,3.96
foot,bruiser,0.340926349,7,2,2.6
mountain,slopes,0.681980073,6,2,3.79
mountain,crag,0.64187026,4,1,2.64
mountain,alpine,0.634195745,6,2,3.62
mountain,hills,0.63306427,5,1,4.46
mountain,moutain,0.607568264,7,2,1.48
mountain,massif,0.59913379,6,2,2.6
mountain,snowfield,0.594768047,9,2,1.66
mountain,timberline,0.57724303,10,3,2.23
mountain,ridge,0.570380211,5,1,4.12
mountain,himalayas,0.569309294,9,3,3.13
mountain,couloir,0.569052279,7,2,1.86
mountain,dolomites,0.565028548,9,4,2.49
mountain,canyon,0.564925969,6,2,3.96
mountain,mountian,0.564915359,8,2,1.3
mountain,nuptse,0.563538134,6,1,1.15
mountain,cliffs,0.562310278,6,1,3.66
mountain,dachstein,0.561815441,9,2,1.18
mountain,backcountry,0.560486555,11,3,2.75
mountain,gokyo,0.558863223,5,2,1.23
mountain,unclimbable,0.557163358,11,4,1.18
mountain,alps,0.554454207,4,1,3.56
mountain,snowcapped,0.549631655,10,3,1.73
mountain,schilthorn,0.549130142,10,2,1.03
mountain,climbers,0.548512697,8,2,3.28
mountain,icefall,0.541808486,7,3,1.95
mountain,valley,0.535952151,6,2,4.72
mountain,baltoro,0.534662962,7,3,1.08
mountain,highlands,0.534040093,9,2,3.65
mountain,unclimbed,0.532533228,9,3,1.3
mountain,zugspitze,0.532106161,9,2,1.23
mountain,glacier,0.530366719,7,2,3.58
mountain,cave,0.529578626,4,1,4.2
mountain,whernside,0.526683509,9,2,1.05
mountain,jungfrau,0.526187658,8,2,1.97
mountain,zillertal,0.526084423,9,3,1.43
mountain,skiable,0.524636447,7,2,1.56
mountain,snowline,0.522863626,8,2,1.35
mountain,tepui,0.518538177,5,2,1.12
mountain,schuss,0.518306851,6,1,1.39
mountain,rinjani,0.517179549,7,3,1.58
mountain,switchbacks,0.516259551,11,2,2.13
mountain,corrie,0.515691459,6,1,2.79
mountain,gorge,0.514731586,5,1,3.4
mountain,redrock,0.512750149,7,2,1.45
mountain,butte,0.511873126,5,1,3.09
mountain,seracs,0.511765361,6,2,1.09
mountain,khumbu,0.511085927,6,2,1.92
mountain,snowboarded,0.51055634,11,3,1.11
mountain,hogback,0.510384917,7,2,1.65
mountain,chairlift,0.509928584,9,2,2.31
mountain,pyrenean,0.509349823,8,3,1.9
mountain,dhaulagiri,0.509055376,10,4,1.66
mountain,uintas,0.508980215,6,2,1.01
mountain,munro,0.508849204,5,2,3.15
mountain,kandersteg,0.508757412,10,3,1.11
mountain,hilltop,0.508453667,7,2,3.08
mountain,albula,0.507777691,6,3,1.25
mountain,peak,0.507350326,4,1,4.53
mountain,alpinists,0.507153451,9,3,1.36
mountain,precipices,0.505908191,10,4,1.68
mountain,gulches,0.504662395,7,2,1.15
mountain,helvellyn,0.504446685,9,3,1.63
mountain,steeps,0.504396737,6,1,1.76
mountain,waterfall,0.503673434,9,3,3.54
mountain,crevassed,0.503171861,9,3,1.1
mountain,escarpment,0.502737463,10,3,2.62
mountain,kangchenjunga,0.502072513,13,4,1.29
mountain,everest,0.501870632,7,3,3.43
mountain,rimrock,0.501132786,7,2,1.72
mountain,pamirs,0.501120687,6,2,1.56
mountain,freeriding,0.500519753,10,3,1.39
mountain,beinn,0.499280155,5,1,1.86
mountain,titlis,0.498385429,6,2,1.46
mountain,avalanches,0.497923166,10,4,2.68
mountain,zoncolan,0.497483402,8,3,1.06
mountain,cotopaxi,0.497391224,8,4,1.76
mountain,descents,0.496906012,8,2,2.44
mountain,karijini,0.496881306,8,4,1.09
mountain,pistes,0.495882332,6,2,1.97
mountain,durmitor,0.49368605,8,3,1.24
mountain,slickrock,0.493531525,9,2,1.21
mountain,gondola,0.492995501,7,3,2.91
mountain,mayrhofen,0.492444605,9,3,1.34
mountain,meall,0.491306245,5,1,1.48
mountain,apennines,0.490158468,9,4,2.1
mountain,sgurr,0.489921272,5,1,1.3
mountain,alpinism,0.489391327,8,3,1.35
mountain,livigno,0.488790452,7,3,1.53
mountain,cuillins,0.48866573,8,2,1.04
mountain,kanchenjunga,0.488453865,12,4,1.52
mountain,skiing,0.487912238,6,2,3.84
mountain,whakapapa,0.487792253,9,4,1.17
mountain,snowdonia,0.487169504,9,3,2.5
mountain,ventoux,0.486663073,7,2,1.8
mountain,cervinia,0.486415625,8,3,1.26
mountain,singletrack,0.486008674,11,3,1.61
mountain,lhotse,0.485635728,6,1,1.59
mountain,rockface,0.485013276,8,2,1.24
mountain,skiers,0.484755158,6,1,3.21
mountain,volcano,0.484027982,7,3,3.76
mountain,viesturs,0.483840883,8,2,1.02
mountain,tetons,0.483397156,6,2,1.99
mountain,namche,0.483198553,6,1,1.35
mountain,trekking,0.482372463,8,2,3.02
mountain,himalayan,0.481467485,9,3,3.14
mountain,trekkers,0.480882943,8,2,2.33
mountain,balds,0.480153531,5,1,1.31
mountain,icefield,0.47951296,8,3,1.64
mountain,tarns,0.479454696,5,1,1.69
mountain,baekdu,0.47944966,6,2,1.3
mountain,snowcat,0.478458673,7,2,1.66
mountain,tatras,0.478171766,6,2,1.61
mountain,kilimanjaro,0.478106052,11,5,2.72
mountain,elbrus,0.478047013,6,2,1.66
mountain,aonach,0.475950152,6,2,1.35
mountain,headwall,0.475938946,8,2,1.55
mountain,aletsch,0.47581476,7,2,1.36
mountain,hogsback,0.475450158,8,2,1.13
mountain,snowmass,0.474447131,8,2,1.95
mountain,plateaux,0.474201918,8,2,1.94
mountain,scree,0.471907288,5,1,2.31
mountain,engadin,0.471897811,7,3,1.36
mountain,andes,0.471575618,5,2,3.14
mountain,toubkal,0.471522987,7,2,1.21
mountain,leysin,0.471034527,6,2,1.09
mountain,terrain,0.471022904,7,2,3.94
mountain,knolls,0.470943034,6,1,2.23
mountain,sierras,0.470588207,7,2,2.41
mountain,lauterbrunnen,0.470302343,13,4,1.61
mountain,cirques,0.470089436,7,2,1.43
mountain,cordillera,0.468460679,10,4,2.48
mountain,koppie,0.468289495,6,1,1.16
mountain,annapurna,0.46729964,9,4,2.53
mountain,boulder,0.467041254,7,2,3.71
mountain,crevasses,0.467039853,9,3,2.19
mountain,mt,0.467009366,2,1,4.13
mountain,skiddaw,0.466960013,7,2,1.67
mountain,sawatch,0.465657234,7,2,1.13
mountain,tatry,0.464757115,5,2,1.03
mountain,norgay,0.464618891,6,2,1.83
mountain,izoard,0.464210302,6,2,1.17
mountain,ingleborough,0.464045733,12,4,1.35
mountain,paraglide,0.463677615,9,3,1.3
mountain,crotched,0.463650852,8,2,1.22
mountain,skyride,0.463133246,7,2,1.22
mountain,chamonix,0.462981343,8,3,2.42
mountain,sherpa,0.462349147,6,2,2.79
mountain,alpenglow,0.462138444,9,3,1.28
mountain,targhee,0.461955041,7,1,1.59
mountain,baldy,0.461760759,5,2,2.58
mountain,cableway,0.4610174,8,3,1.7
mountain,hilly,0.460571408,5,2,3.17
mountain,skiiers,0.460373342,7,1,1.18
mountain,snowshoe,0.460281432,8,1,2.41
mountain,flaine,0.459840238,6,1,1.2
mountain,drakensberg,0.459257215,11,3,1.87
mountain,unscaled,0.45924449,8,3,1.16
mountain,manaslu,0.458698511,7,3,1.57
mountain,trysil,0.458471745,6,2,1.02
mountain,hiker,0.45756039,5,2,2.78
mountain,aconcagua,0.457161754,9,4,1.89
mountain,stubai,0.457013309,6,2,1.08
mountain,summited,0.455431283,8,3,1.8
mountain,untrodden,0.455243826,9,3,1.51
mountain,zermatt,0.454828054,7,2,2.27
mountain,avoriaz,0.454819798,7,3,1.58
mountain,mesa,0.45468542,4,2,3.5
mountain,flattop,0.454467207,7,2,1.92
mountain,ascents,0.454309165,7,2,2.45
mountain,pathless,0.454241991,8,2,1.37
mountain,chiricahuas,0.453510314,11,4,1.13
mountain,valtellina,0.45286122,10,4,1.26
mountain,vanoise,0.452515453,7,2,1.18
river,creek,0.799444437,5,1,4.37
river,lake,0.79195869,4,1,4.83
river,canal,0.722176194,5,2,4.22
river,waterway,0.711006582,8,3,3.18
river,tributary,0.706344962,9,4,3.15
river,tributaries,0.647253215,11,4,3.15
river,estuary,0.61110419,7,3,3.26
river,weir,0.608787894,4,1,3.52
river,pond,0.607425392,4,1,3.98
river,ganges,0.60409981,6,2,2.92
river,dam,0.603272319,3,1,4.17
river,watercourse,0.59452337,11,3,2.35
river,rapids,0.594002485,6,2,3.64
river,lagoon,0.587621748,6,2,3.43
river,oxbow,0.583092451,5,2,2.17
river,coulee,0.582613468,6,1,2.35
river,headwaters,0.582490802,10,3,2.67
river,spillway,0.577262759,8,2,2.72
river,shoreline,0.570780337,9,3,3.31
river,downstream,0.56567961,10,2,3.62
river,marsh,0.56548512,5,1,3.87
river,rivulet,0.558070779,7,3,1.99
river,flowage,0.557798386,7,2,1.72
river,brook,0.557439208,5,1,3.74
river,floodwaters,0.547869086,11,3,2.57
river,gorge,0.547302067,5,1,3.4
river,canoe,0.543643355,5,1,3.5
river,waterbody,0.542595923,9,4,1.57
river,tailwater,0.539877117,9,3,1.14
river,streambed,0.535167396,9,2,1.76
river,bottomland,0.532817006,10,3,1.87
river,nolichucky,0.531886756,10,4,1.06
river,levisa,0.526050985,6,3,1.05
river,cfs,0.524399519,3,1,3.06
river,mokelumne,0.522883236,9,3,1.63
river,tailrace,0.522826493,8,2,1.44
river,sandbars,0.52275759,8,2,1.9
river,youghiogheny,0.521675766,12,4,1.57
river,basin,0.520887971,5,2,4.08
river,mainstem,0.520682275,8,2,1.81
river,waterfall,0.520395458,9,3,3.54
river,whitewater,0.519601345,10,4,2.9
river,yangtze,0.518503308,7,1,2.7
river,reservoir,0.516448498,9,3,3.9
river,freshwater,0.514098823,10,3,3.52
river,wetland,0.512266934,7,2,3.14
river,upstream,0.511918485,8,2,3.56
river,valley,0.510566652,6,2,4.72
river,yangtse,0.510492206,7,1,1.43
river,towpath,0.508334994,7,2,2.31
river,redds,0.50774765,5,1,1.53
river,mudflats,0.507148266,8,2,2.02
river,neisse,0.504885495,6,1,1.66
river,fords,0.504870653,5,1,2.74
river,altamaha,0.504761517,8,4,1.61
river,danube,0.501045644,6,2,3.14
river,sandbanks,0.500284731,9,2,2.14
river,floodplain,0.500193179,10,2,2.73
river,billabongs,0.499569803,10,3,1.16
river,yalu,0.499124348,4,2,2.05
river,yamuna,0.496270001,6,3,2.36
river,nullah,0.495767325,6,2,1.85
river,tsangpo,0.495279312,7,2,1.21
river,gomti,0.495040923,5,2,1.44
river,embankment,0.494779736,10,3,3.15
river,causeway,0.493251324,8,3,3.04
river,silt,0.492890298,4,1,2.96
river,streambank,0.492620856,10,2,1.23
river,lough,0.492570162,5,1,2.84
river,bayou,0.492421567,5,1,3.14
river,freshet,0.491989613,7,2,1.29
river,resaca,0.489402711,6,3,1.64
river,drava,0.489270717,5,2,1.34
river,floodway,0.488830984,8,2,1.81
river,canyon,0.486538857,6,2,3.96
river,gandak,0.48619625,6,2,1.16
river,ravine,0.48558557,6,2,3.15
river,valency,0.485224336,7,3,1.83
river,caloosahatchee,0.484476447,14,4,1.54
river,aqueduct,0.484452933,8,3,2.93
river,dike,0.484261781,4,1,2.85
river,brahmaputra,0.483629853,11,4,2.15
river,nickajack,0.482241333,9,3,1.07
river,beels,0.480215341,5,1,1.07
river,paddleboat,0.480113357,10,3,1.28
river,tigris,0.480048865,6,2,2.77
river,sea,0.47745344,3,1,5.06
river,sutlej,0.477436066,6,2,1.88
river,raquette,0.477260768,8,2,1.31
river,ocean,0.477181405,5,2,4.7
river,putah,0.47631231,5,2,1.31
river,bridge,0.474853963,6,1,4.77
river,backwaters,0.473750532,10,3,2.42
river,gomati,0.473413289,6,3,1.11
river,portage,0.473399937,7,2,3
river,titicaca,0.472693831,8,4,2.2
river,bayshore,0.472338885,8,2,2.21
river,riparian,0.471479326,8,3,2.76
river,embanked,0.470575571,8,3,1.26
river,shallows,0.469250083,8,2,2.64
river,vltava,0.468897432,6,2,1.69
river,seine,0.465918601,5,1,3.17
river,resevoir,0.465696335,8,3,1.24
river,atchafalaya,0.4647533,11,4,1.9
river,embarras,0.462811202,8,3,1.54
river,tawi,0.461864084,4,2,1.81
river,mekong,0.461752385,6,2,2.83
river,bulrushes,0.461671978,9,3,1.56
